date,product_category,sales_amount,quantity,discount_percent,customer_age,customer_gender,region,is_weekend,customer_satisfaction
2023-01-01,Books,82.62400000000001,6,22.5,36.0,Female,North,True,4
2023-01-02,Sports,121.77,7,20.2,31.0,Female,South,False,3
2023-01-03,Home,114.43,18,24.6,50.0,Other,West,False,4
2023-01-04,Sports,106.72,11,18.9,48.0,Male,North,False,2
2023-01-05,Sports,76.29,19,9.8,40.0,Female,South,False,2
2023-01-06,Clothing,114.14,5,14.8,,Female,East,False,4
2023-01-07,Home,125.168,19,16.5,26.0,Female,West,True,5
2023-01-08,Home,112.28800000000001,11,2.0,23.0,Male,South,True,5
2023-01-09,Home,147.8,12,13.6,8.0,Other,North,False,4
2023-01-10,Sports,84.66,10,17.7,50.0,Female,South,False,2
2023-01-11,Books,70.31,8,4.2,31.0,Male,West,False,4
2023-01-12,Home,96.23,9,19.5,31.0,Female,North,False,4
2023-01-13,Sports,101.67,4,14.6,53.0,Female,West,False,5
2023-01-14,Clothing,106.26400000000001,5,23.8,,Other,South,True,5
2023-01-15,Books,39.384,8,1.1,25.0,Female,East,True,5
2023-01-16,Clothing,145.89,9,,32.0,Female,East,False,4
2023-01-17,Books,95.26,15,15.0,21.0,Male,South,False,4
2023-01-18,Sports,87.19,15,7.4,39.0,Male,South,False,3
2023-01-19,Electronics,104.46000000000001,16,17.9,31.0,Other,South,False,5
2023-01-20,Books,50.35,14,19.0,29.0,Male,North,False,3
2023-01-21,Clothing,99.76,8,2.6,28.0,Male,West,True,1
2023-01-22,Sports,81.76,18,12.8,34.0,Other,West,True,2
2023-01-23,Books,61.3,10,12.7,36.0,Female,West,False,5
2023-01-24,Electronics,91.725,6,9.2,29.0,Other,South,False,4
2023-01-25,Electronics,134.895,12,23.3,31.0,Male,West,False,4
2023-01-26,Home,150.07,2,20.7,34.0,Other,South,False,5
2023-01-27,Home,92.21,7,17.4,33.0,Female,North,False,5
2023-01-28,Clothing,43.928,16,17.9,35.0,Other,East,True,3
2023-01-29,Books,74.104,3,11.5,27.0,Male,South,True,3
2023-01-30,Books,91.82,13,23.0,47.0,Male,South,False,5
2023-01-31,Home,19.09,3,17.4,36.0,Other,East,False,5
2023-02-01,Books,98.37,18,18.2,29.0,Female,East,False,4
2023-02-02,Books,93.07,11,21.5,39.0,Other,North,False,4
2023-02-03,Electronics,181.335,8,,34.0,Female,West,False,3
2023-02-04,Home,124.376,6,20.2,14.0,Female,South,True,5
2023-02-05,Sports,107.04000000000002,1,4.9,39.0,Other,West,True,4
2023-02-06,Home,91.93,1,8.6,23.0,Female,South,False,4
2023-02-07,Sports,66.8,8,8.4,46.0,Male,North,False,2
2023-02-08,Electronics,265.79999999999995,5,24.5,32.0,Other,East,False,5
2023-02-09,Clothing,101.78,16,21.4,44.0,Female,North,False,4
2023-02-10,Books,100.42,11,17.5,27.0,Male,East,False,3
2023-02-11,Electronics,119.13600000000002,5,18.2,36.0,Other,West,True,4
2023-02-12,Books,84.75200000000001,4,14.1,50.0,Male,West,True,4
2023-02-13,Clothing,95.67,6,23.7,32.0,Male,North,False,4
2023-02-14,Clothing,82.79,14,12.4,,Male,East,False,4
2023-02-15,Electronics,125.385,19,9.5,,Female,North,False,4
2023-02-16,Clothing,99.02,9,4.1,43.0,Other,East,False,5
2023-02-17,Sports,83.7,12,19.7,28.0,Other,East,False,2
2023-02-18,Clothing,62.888000000000005,11,18.4,11.0,Female,West,True,2
2023-02-19,Books,82.552,14,,28.0,Other,West,True,3
2023-02-20,Books,92.35,16,0.6,43.0,Male,East,False,4
2023-02-21,Books,145.12,1,21.0,26.0,Other,East,False,4
2023-02-22,Books,20.47,13,0.3,35.0,Female,East,False,5
2023-02-23,Sports,132.75,13,17.6,27.0,Male,West,False,4
2023-02-24,Home,137.38,2,24.3,12.0,Female,West,False,4
2023-02-25,Electronics,45.36,4,10.9,27.0,Male,South,True,5
2023-02-26,Books,71.776,6,5.9,43.0,Male,East,True,3
2023-02-27,Clothing,88.86,5,17.6,,Other,South,False,5
2023-02-28,Books,57.77,3,20.4,38.0,Male,East,False,4
2023-03-01,Clothing,76.67,1,13.7,21.0,Female,West,False,4
2023-03-02,Clothing,66.68,4,24.2,42.0,Other,South,False,4
2023-03-03,Books,152.57,2,1.3,44.0,Female,South,False,4
2023-03-04,Sports,102.456,5,12.6,33.0,Male,North,True,2
2023-03-05,Clothing,110.52000000000001,3,18.0,33.0,Female,East,True,4
2023-03-06,Clothing,121.65,9,21.6,,Female,West,False,4
2023-03-07,Books,66.13,6,4.5,19.0,Male,North,False,5
2023-03-08,Clothing,84.26,18,20.0,55.0,Other,North,False,4
2023-03-09,Clothing,114.68,6,13.8,25.0,Female,East,False,5
2023-03-10,Books,63.34,19,9.9,54.0,Male,North,False,4
2023-03-11,Books,97.11200000000001,12,3.3,25.0,Other,East,True,4
2023-03-12,Electronics,111.34800000000001,11,21.6,41.0,Other,North,True,5
2023-03-13,Sports,88.76,2,3.9,21.0,Other,East,False,4
2023-03-14,Sports,121.33,15,,41.0,Female,West,False,5
2023-03-15,Clothing,113.33,12,7.3,31.0,Female,East,False,4
2023-03-16,Sports,89.17,12,21.8,31.0,Female,East,False,4
2023-03-17,Clothing,134.78,9,16.8,42.0,Other,South,False,1
2023-03-18,Electronics,81.084,2,19.9,29.0,Female,West,True,4
2023-03-19,Books,94.784,3,6.3,18.0,Male,West,True,3
2023-03-20,Books,117.79,12,15.6,44.0,Female,West,False,4
2023-03-21,Books,90.71,16,14.3,21.0,Female,North,False,3
2023-03-22,Sports,109.78,1,20.8,41.0,Other,South,False,3
2023-03-23,Electronics,93.705,3,22.7,47.0,Female,West,False,3
2023-03-24,Sports,127.72,2,0.3,30.0,Male,North,False,2
2023-03-25,Sports,75.56,9,16.9,49.0,Other,North,True,3
2023-03-26,Electronics,101.184,19,1.3,41.0,Male,North,True,5
2023-03-27,Electronics,197.20499999999998,15,13.7,27.0,Other,South,False,5
2023-03-28,Electronics,118.305,18,7.2,52.0,Other,North,False,4
2023-03-29,Electronics,86.625,11,7.7,21.0,Female,South,False,5
2023-03-30,Books,53.3,16,8.8,30.0,Male,East,False,3
2023-03-31,Home,118.18,17,15.5,33.0,Other,North,False,5
2023-04-01,Home,49.272000000000006,5,8.4,42.0,Female,West,True,2
2023-04-02,Electronics,183.168,12,18.3,48.0,Other,North,True,3
2023-04-03,Home,37.54,11,10.1,48.0,Other,East,False,4
2023-04-04,Home,150.89,15,1.7,38.0,Other,East,False,2
2023-04-05,Electronics,159.495,3,19.6,32.0,Other,North,False,4
2023-04-06,Home,97.1,1,7.1,13.0,Other,East,False,4
2023-04-07,Sports,83.65,16,10.8,19.0,Other,South,False,5
2023-04-08,Clothing,89.57600000000001,2,,56.0,Female,South,True,4
2023-04-09,Clothing,79.096,2,,13.0,Other,North,True,3
2023-04-10,Electronics,199.64999999999998,3,1.4,26.0,Male,South,False,4
2023-04-11,Books,103.43,8,9.3,49.0,Female,South,False,3
2023-04-12,Electronics,156.76500000000001,15,23.6,38.0,Male,West,False,4
2023-04-13,Books,89.09,7,16.0,46.0,Other,North,False,2
2023-04-14,Clothing,98.29,6,16.8,42.0,Male,East,False,4
2023-04-15,Electronics,131.076,9,15.8,53.0,Other,North,True,4
2023-04-16,Sports,38.952,1,5.0,39.0,Other,South,True,4
2023-04-17,Home,59.55,8,10.5,43.0,Female,West,False,5
2023-04-18,Books,122.3,3,18.8,26.0,Female,North,False,5
2023-04-19,Home,105.13,4,2.5,42.0,Other,North,False,4
2023-04-20,Home,94.48,15,6.9,30.0,Female,South,False,4
2023-04-21,Electronics,150.825,6,6.9,30.0,Male,South,False,3
2023-04-22,Home,88.34400000000001,15,10.8,46.0,Female,North,True,4
2023-04-23,Sports,67.048,3,24.5,46.0,Female,South,True,3
2023-04-24,Home,76.65,14,1.7,55.0,Male,South,False,2
2023-04-25,Electronics,158.82,14,13.0,54.0,Female,South,False,5
2023-04-26,Sports,70.65,4,4.5,46.0,Other,South,False,4
2023-04-27,Clothing,112.25,12,24.3,14.0,Male,South,False,4
2023-04-28,Home,48.92,17,2.8,57.0,Other,West,False,3
2023-04-29,Electronics,157.044,7,10.1,46.0,Male,South,True,4
2023-04-30,Clothing,91.34400000000001,9,18.4,26.0,Other,East,True,1
2023-05-01,Clothing,107.68,3,17.6,44.0,Other,North,False,2
2023-05-02,Books,129.48,13,10.6,23.0,Female,West,False,1
2023-05-03,Sports,149.96,15,8.7,42.0,Other,West,False,4
2023-05-04,Home,130.43,18,9.9,19.0,Female,South,False,4
2023-05-05,Electronics,67.155,19,6.6,25.0,Male,North,False,2
2023-05-06,Books,49.288000000000004,1,5.1,44.0,Other,East,True,4
2023-05-07,Sports,65.00800000000001,6,12.1,48.0,Other,South,True,3
2023-05-08,Books,100.78,2,6.7,,Male,North,False,4
2023-05-09,Sports,115.53,14,7.2,32.0,Male,South,False,5
2023-05-10,Sports,78.23,6,16.4,10.0,Other,South,False,4
2023-05-11,Home,105.6,14,24.2,32.0,Male,South,False,5
2023-05-12,Sports,77.34,4,15.1,41.0,Female,South,False,5
2023-05-13,Books,65.32000000000001,8,1.9,31.0,Male,South,True,4
2023-05-14,Sports,46.24,3,1.9,35.0,Male,South,True,4
2023-05-15,Home,72.3,19,23.8,33.0,Other,South,False,5
2023-05-16,Home,59.45,14,7.4,31.0,Female,East,False,4
2023-05-17,Books,70.72,17,2.3,36.0,Male,West,False,3
2023-05-18,Clothing,131.61,8,15.0,32.0,Female,East,False,5
2023-05-19,Clothing,71.52,14,15.6,52.0,Female,South,False,4
2023-05-20,Sports,143.17600000000002,6,16.2,9.0,Female,South,True,3
2023-05-21,Electronics,137.76,16,6.7,28.0,Other,East,True,4
2023-05-22,Sports,105.55,19,0.4,25.0,Male,East,False,5
2023-05-23,Books,74.25,14,24.1,38.0,Other,West,False,4
2023-05-24,Books,121.01,19,6.3,36.0,Male,East,False,4
2023-05-25,Books,82.73,3,16.9,54.0,Male,West,False,5
2023-05-26,Books,103.66,10,17.7,58.0,Other,South,False,4
2023-05-27,Books,141.44000000000003,19,15.3,26.0,Female,North,True,4
2023-05-28,Home,77.69600000000001,9,7.8,35.0,Female,North,True,4
2023-05-29,Clothing,134.48,13,,37.0,Male,North,False,4
2023-05-30,Books,78.9,7,14.9,25.0,Other,North,False,4
2023-05-31,Electronics,148.425,14,21.7,43.0,Female,South,False,4
2023-06-01,Electronics,229.68,9,23.7,,Female,North,False,4
2023-06-02,Electronics,121.785,19,2.6,22.0,Male,East,False,5
2023-06-03,Electronics,185.24400000000003,15,3.9,32.0,Male,East,True,2
2023-06-04,Home,96.98400000000001,14,23.6,23.0,Other,North,True,3
2023-06-05,Electronics,124.695,6,18.4,47.0,Male,East,False,4
2023-06-06,Books,118.97,4,22.1,58.0,Female,West,False,5
2023-06-07,Sports,129.18,8,5.1,,Female,South,False,3
2023-06-08,Electronics,177.97500000000002,17,14.7,36.0,Female,North,False,3
2023-06-09,Home,52.89,9,17.5,37.0,Female,North,False,2
2023-06-10,Home,62.552,1,17.0,49.0,Other,South,True,4
2023-06-11,Electronics,111.084,14,,49.0,Other,East,True,3
2023-06-12,Sports,97.77,11,0.4,34.0,Male,South,False,4
2023-06-13,Electronics,177.93,3,14.6,38.0,Male,South,False,4
2023-06-14,Home,105.33,9,6.3,43.0,Male,East,False,5
2023-06-15,Clothing,59.94,14,11.3,21.0,Other,South,False,4
2023-06-16,Books,111.41,9,23.9,50.0,Female,East,False,2
2023-06-17,Home,94.656,4,10.0,56.0,Male,East,True,4
2023-06-18,Electronics,140.148,4,21.0,49.0,Female,South,True,5
2023-06-19,Books,132.42,8,4.7,20.0,Male,West,False,4
2023-06-20,Electronics,187.53,2,16.8,11.0,Male,East,False,5
2023-06-21,Electronics,170.67000000000002,9,24.4,44.0,Male,South,False,5
2023-06-22,Clothing,97.9,14,2.5,26.0,Male,East,False,1
2023-06-23,Books,50.17,9,0.2,38.0,Male,West,False,4
2023-06-24,Books,90.31200000000001,16,10.8,53.0,Female,West,True,3
2023-06-25,Clothing,84.98400000000001,17,2.3,27.0,Male,North,True,4
2023-06-26,Home,108.15,16,,30.0,Female,East,False,3
2023-06-27,Electronics,92.55000000000001,12,22.9,38.0,Other,East,False,3
2023-06-28,Sports,67.57,3,10.9,19.0,Male,South,False,5
2023-06-29,Electronics,197.385,11,6.5,26.0,Female,East,False,3
2023-06-30,Electronics,148.215,14,10.9,35.0,Other,North,False,5
2023-07-01,Home,96.36000000000001,18,18.1,,Other,West,True,1
2023-07-02,Electronics,121.01999999999998,5,0.2,42.0,Other,West,True,2
2023-07-03,Clothing,100.89,16,14.7,68.0,Female,North,False,5
2023-07-04,Clothing,128.15,5,15.3,36.0,Male,East,False,4
2023-07-05,Books,84.52,3,15.9,25.0,Male,East,False,4
2023-07-06,Sports,102.88,12,6.1,52.0,Female,North,False,3
2023-07-07,Electronics,129.195,1,17.9,16.0,Male,South,False,4
2023-07-08,Electronics,104.36399999999999,9,2.3,18.0,Female,West,True,4
2023-07-09,Home,72.57600000000001,9,5.0,,Male,North,True,4
2023-07-10,Clothing,106.66,4,21.9,32.0,Other,North,False,4
2023-07-11,Sports,85.64,3,18.5,28.0,Male,East,False,5
2023-07-12,Books,137.67,17,0.3,,Female,West,False,4
2023-07-13,Clothing,73.16,2,6.2,38.0,Female,East,False,5
2023-07-14,Books,94.39,1,5.4,48.0,Other,North,False,4
2023-07-15,Home,69.44800000000001,8,,36.0,Female,South,True,4
2023-07-16,Home,114.72800000000001,13,6.2,28.0,Male,West,True,2
2023-07-17,Electronics,158.85000000000002,15,1.6,47.0,Male,North,False,4
2023-07-18,Sports,130.96,8,11.5,25.0,Other,North,False,5
2023-07-19,Books,55.43,12,18.3,15.0,Female,South,False,3
2023-07-20,Clothing,108.01,12,15.2,49.0,Other,North,False,2
2023-07-21,Home,126.69,14,16.8,49.0,Male,North,False,3
2023-07-22,Electronics,122.964,15,2.0,25.0,Other,West,True,3
2023-07-23,Electronics,158.352,15,23.8,30.0,Female,West,True,5
2023-07-24,Books,84.48,9,21.0,24.0,Other,West,False,5
2023-07-25,Home,142.28,19,20.1,39.0,Female,East,False,4
2023-07-26,Sports,168.97,8,20.6,56.0,Female,South,False,2
2023-07-27,Home,89.11,19,23.3,43.0,Male,West,False,4
2023-07-28,Books,86.63,6,13.6,47.0,Male,East,False,4
2023-07-29,Books,114.88,19,5.0,45.0,Male,East,True,5
2023-07-30,Home,117.91199999999999,4,15.4,35.0,Female,South,True,4
2023-07-31,Books,84.31,7,18.6,48.0,Other,South,False,3
2023-08-01,Home,87.39,4,18.4,44.0,Female,North,False,4
2023-08-02,Clothing,91.55,12,13.0,52.0,Male,East,False,5
2023-08-03,Home,59.67,13,1.7,29.0,Male,West,False,4
2023-08-04,Home,72.44,3,9.3,14.0,Other,South,False,4
2023-08-05,Books,55.903999999999996,12,23.0,48.0,Male,East,True,3
2023-08-06,Books,61.576,2,14.6,39.0,Male,West,True,4
2023-08-07,Electronics,148.44,2,13.5,31.0,Male,East,False,5
2023-08-08,Electronics,160.54500000000002,9,6.7,32.0,Other,South,False,3
2023-08-09,Clothing,146.52,1,,66.0,Female,North,False,4
2023-08-10,Electronics,105.07499999999999,8,22.4,27.0,Male,East,False,3
2023-08-11,Home,129.53,6,16.7,25.0,Other,West,False,3
2023-08-12,Books,74.864,6,,36.0,Male,South,True,1
2023-08-13,Electronics,118.224,18,11.4,49.0,Other,North,True,3
2023-08-14,Electronics,180.35999999999999,17,15.8,62.0,Male,West,False,4
2023-08-15,Clothing,66.32,12,6.2,43.0,Other,West,False,1
2023-08-16,Clothing,111.47,6,17.6,20.0,Male,West,False,3
2023-08-17,Home,104.99,8,10.7,59.0,Female,East,False,5
2023-08-18,Books,114.77,19,,35.0,Male,South,False,4
2023-08-19,Clothing,86.94400000000002,10,16.2,25.0,Other,West,True,4
2023-08-20,Electronics,208.39200000000002,1,23.4,22.0,Male,East,True,4
2023-08-21,Books,80.87,13,1.6,45.0,Female,South,False,4
2023-08-22,Books,84.07,17,20.6,38.0,Male,South,False,3
2023-08-23,Electronics,121.965,3,7.3,39.0,Other,East,False,5
2023-08-24,Clothing,83.34,8,11.1,50.0,Other,East,False,2
2023-08-25,Electronics,121.32,14,0.5,25.0,Female,West,False,4
2023-08-26,Books,108.536,3,7.5,51.0,Other,South,True,3
2023-08-27,Sports,114.096,16,12.6,29.0,Male,North,True,4
2023-08-28,Sports,82.88,13,1.4,61.0,Male,East,False,4
2023-08-29,Home,75.03,17,12.3,42.0,Male,South,False,4
2023-08-30,Electronics,171.21,13,23.2,24.0,Other,South,False,3
2023-08-31,Electronics,125.14500000000001,6,2.6,11.0,Male,West,False,4
2023-09-01,Home,118.99,17,19.1,45.0,Male,North,False,5
2023-09-02,Home,84.87200000000001,14,10.2,31.0,Male,West,True,5
2023-09-03,Home,43.624,17,16.4,,Female,North,True,2
2023-09-04,Books,146.43,8,6.5,44.0,Other,North,False,4
2023-09-05,Electronics,230.82,11,4.0,47.0,Other,East,False,5
2023-09-06,Books,81.62,1,4.0,50.0,Other,South,False,4
2023-09-07,Home,88.37,7,1.8,21.0,Female,South,False,4
2023-09-08,Electronics,162.87,17,4.6,52.0,Other,South,False,5
2023-09-09,Books,88.024,10,16.6,28.0,Female,North,True,5
2023-09-10,Books,95.808,11,22.0,8.0,Female,South,True,4
2023-09-11,Home,160.31,9,20.4,21.0,Other,East,False,4
2023-09-12,Electronics,142.035,9,17.1,38.0,Male,North,False,3
2023-09-13,Home,76.05,5,2.8,23.0,Male,North,False,4
2023-09-14,Electronics,87.92999999999999,17,7.2,34.0,Other,North,False,3
2023-09-15,Sports,78.07,9,7.7,39.0,Other,North,False,3
2023-09-16,Clothing,79.20800000000001,17,6.2,33.0,Female,East,True,4
2023-09-17,Clothing,123.072,19,12.9,29.0,Other,South,True,3
2023-09-18,Clothing,84.47,7,13.4,20.0,Female,East,False,4
2023-09-19,Home,106.71,9,8.9,35.0,Other,South,False,4
2023-09-20,Sports,99.51,7,8.8,,Male,East,False,4
2023-09-21,Electronics,203.47500000000002,13,20.7,27.0,Male,West,False,4
2023-09-22,Books,175.81,11,19.7,24.0,Other,West,False,5
2023-09-23,Electronics,100.884,14,7.7,32.0,Female,West,True,1
2023-09-24,Books,68.256,19,22.8,32.0,Male,West,True,5
2023-09-25,Electronics,196.98,11,23.8,47.0,Female,North,False,5
2023-09-26,Sports,120.46,13,8.2,54.0,Other,North,False,4
2023-09-27,Books,155.4,14,8.9,22.0,Other,East,False,4
2023-09-28,Home,117.52,13,,59.0,Male,East,False,5
2023-09-29,Electronics,133.82999999999998,1,23.5,,Other,West,False,3
2023-09-30,Electronics,141.26399999999998,8,21.9,37.0,Male,South,True,4
2023-10-01,Books,106.608,12,2.6,,Female,West,True,4
2023-10-02,Home,124.61,19,9.8,64.0,Male,East,False,3
2023-10-03,Home,115.22,12,13.8,,Male,West,False,5
2023-10-04,Sports,132.0,8,12.6,13.0,Female,East,False,5
2023-10-05,Home,135.08,8,4.8,53.0,Male,West,False,5
2023-10-06,Home,141.46,13,21.5,25.0,Male,South,False,3
2023-10-07,Home,95.568,12,,31.0,Other,West,True,2
2023-10-08,Clothing,75.992,16,20.9,22.0,Female,South,True,4
2023-10-09,Sports,104.4,1,21.5,31.0,Male,South,False,2
2023-10-10,Electronics,204.29999999999998,13,18.7,25.0,Female,East,False,4
2023-10-11,Books,75.49,7,11.0,43.0,Female,South,False,4
2023-10-12,Electronics,166.59,5,15.3,36.0,Male,North,False,4
2023-10-13,Sports,88.2,8,4.0,27.0,Other,North,False,4
2023-10-14,Books,80.688,14,16.8,,Female,North,True,4
2023-10-15,Sports,110.68,13,4.5,38.0,Male,East,True,3
2023-10-16,Home,105.73,15,17.3,13.0,Female,North,False,3
2023-10-17,Books,101.39,17,5.7,,Other,East,False,4
2023-10-18,Home,59.2,15,2.9,37.0,Other,East,False,4
2023-10-19,Electronics,183.585,18,4.1,52.0,Other,North,False,5
2023-10-20,Electronics,179.04,18,0.0,36.0,Male,South,False,5
2023-10-21,Books,131.92000000000002,2,18.0,25.0,Male,West,True,5
2023-10-22,Books,72.616,4,,33.0,Other,East,True,3
2023-10-23,Sports,106.57,1,12.9,45.0,Male,North,False,2
2023-10-24,Sports,107.48,4,4.0,26.0,Other,East,False,3
2023-10-25,Home,147.32,18,2.1,30.0,Male,South,False,4
2023-10-26,Books,97.14,5,0.5,32.0,Other,South,False,4
2023-10-27,Electronics,162.555,19,4.1,21.0,Female,North,False,5
2023-10-28,Sports,94.592,15,22.3,26.0,Other,East,True,4
2023-10-29,Sports,84.48,8,6.0,37.0,Other,West,True,5
2023-10-30,Electronics,129.915,17,8.9,49.0,Male,West,False,5
2023-10-31,Sports,105.82,1,2.6,39.0,Male,East,False,2
2023-11-01,Home,132.21,12,5.6,34.0,Male,East,False,4
2023-11-02,Books,69.2,19,13.0,25.0,Male,East,False,4
2023-11-03,Electronics,155.98499999999999,15,15.2,48.0,Male,North,False,3
2023-11-04,Books,63.2,9,6.1,40.0,Male,South,True,4
2023-11-05,Sports,108.68,7,1.4,27.0,Female,West,True,4
2023-11-06,Sports,54.3,2,9.8,46.0,Other,North,False,3
2023-11-07,Electronics,124.845,9,5.9,42.0,Other,East,False,4
2023-11-08,Home,111.32,10,5.5,25.0,Other,East,False,4
2023-11-09,Clothing,146.97,2,24.0,34.0,Female,South,False,2
2023-11-10,Electronics,147.04500000000002,19,15.4,29.0,Other,East,False,4
2023-11-11,Clothing,66.67200000000001,11,13.9,,Female,North,True,3
2023-11-12,Clothing,125.144,13,10.4,41.0,Female,North,True,4
2023-11-13,Home,56.56,10,10.7,37.0,Female,South,False,3
2023-11-14,Clothing,34.04,14,13.5,41.0,Other,North,False,5
2023-11-15,Clothing,113.2,18,,52.0,Female,West,False,4
2023-11-16,Home,84.94,19,17.6,34.0,Other,North,False,3
2023-11-17,Clothing,69.36,9,4.3,28.0,Other,North,False,4
2023-11-18,Clothing,97.0,7,12.5,45.0,Male,North,True,4
2023-11-19,Clothing,85.84800000000001,3,10.3,,Male,West,True,4
2023-11-20,Electronics,124.62,6,21.8,22.0,Female,East,False,4
2023-11-21,Electronics,92.385,2,15.8,20.0,Female,North,False,4
2023-11-22,Electronics,189.255,6,13.3,53.0,Other,South,False,2
2023-11-23,Home,119.51,3,2.9,37.0,Female,West,False,2
2023-11-24,Sports,97.02,16,15.1,28.0,Female,South,False,4
2023-11-25,Clothing,124.32000000000001,8,2.9,,Other,North,True,4
2023-11-26,Clothing,54.32000000000001,2,8.4,45.0,Female,South,True,4
2023-11-27,Home,54.23,17,3.6,31.0,Female,North,False,5
2023-11-28,Clothing,79.24,9,17.3,18.0,Other,West,False,4
2023-11-29,Electronics,147.945,12,5.2,39.0,Other,South,False,5
2023-11-30,Sports,107.3,3,9.8,50.0,Male,South,False,3
2023-12-01,Books,92.76,11,22.4,49.0,Other,North,False,2
2023-12-02,Clothing,88.44800000000001,1,5.1,28.0,Male,North,True,5
2023-12-03,Electronics,74.94000000000001,13,12.7,50.0,Female,East,True,4
2023-12-04,Books,143.31,15,10.5,38.0,Other,North,False,5
2023-12-05,Sports,97.54,5,0.5,50.0,Other,North,False,3
2023-12-06,Books,133.52,17,19.8,42.0,Other,East,False,4
2023-12-07,Electronics,165.42000000000002,6,1.7,17.0,Female,North,False,5
2023-12-08,Books,113.7,11,11.9,56.0,Male,North,False,1
2023-12-09,Home,93.67200000000001,18,14.0,36.0,Female,East,True,5
2023-12-10,Books,90.74400000000001,4,15.7,42.0,Female,West,True,4
2023-12-11,Clothing,119.28,3,17.2,19.0,Other,West,False,4
2023-12-12,Clothing,139.87,13,6.3,41.0,Male,North,False,4
2023-12-13,Home,105.9,9,0.2,48.0,Female,North,False,5
2023-12-14,Electronics,181.905,6,18.1,58.0,Other,East,False,1
2023-12-15,Clothing,97.31,12,13.4,52.0,Female,East,False,3
2023-12-16,Sports,114.56,2,20.9,42.0,Female,West,True,5
2023-12-17,Clothing,63.768,3,20.5,16.0,Other,South,True,5
2023-12-18,Clothing,154.03,3,21.1,,Other,North,False,1
2023-12-19,Electronics,148.2,12,12.1,28.0,Male,South,False,4
2023-12-20,Books,57.08,15,8.3,38.0,Female,South,False,4
2023-12-21,Clothing,103.84,9,19.8,,Other,East,False,4
2023-12-22,Home,79.57,8,11.3,32.0,Other,North,False,3
2023-12-23,Books,100.176,11,,29.0,Male,North,True,4
2023-12-24,Sports,64.336,16,21.4,28.0,Male,East,True,3
2023-12-25,Electronics,129.915,4,22.1,29.0,Other,South,False,5
2023-12-26,Sports,43.31,1,11.7,33.0,Male,East,False,5
2023-12-27,Books,86.43,7,1.9,38.0,Other,West,False,4
2023-12-28,Books,27.28,2,9.7,5.0,Female,North,False,3
2023-12-29,Books,52.48,5,20.1,6.0,Male,West,False,3
2023-12-30,Sports,98.248,7,22.5,31.0,Female,East,True,4
2023-12-31,Books,98.856,4,5.1,33.0,Female,North,True,4
2024-01-01,Sports,112.76,5,,37.0,Female,West,False,4
2024-01-02,Books,70.99,1,21.9,26.0,Other,West,False,4
2024-01-03,Home,98.57,1,9.7,35.0,Female,South,False,4
2024-01-04,Books,99.89,15,13.5,37.0,Female,North,False,3
2024-01-05,Sports,65.25,19,24.2,26.0,Female,West,False,1
2024-01-06,Clothing,116.08,10,1.7,47.0,Other,West,True,1
2024-01-07,Books,101.056,18,16.2,37.0,Female,South,True,3
2024-01-08,Clothing,93.37,3,1.9,42.0,Female,West,False,4
2024-01-09,Home,100.81,11,9.4,36.0,Male,West,False,5
2024-01-10,Electronics,159.375,15,20.1,60.0,Other,West,False,5
2024-01-11,Home,38.75,11,10.8,42.0,Female,South,False,3
2024-01-12,Books,92.58,17,24.9,29.0,Male,West,False,3
2024-01-13,Clothing,63.632000000000005,17,14.0,45.0,Other,West,True,3
2024-01-14,Clothing,55.96000000000001,6,8.0,15.0,Other,North,True,3
2024-01-15,Sports,91.57,5,5.5,36.0,Other,North,False,4
2024-01-16,Clothing,153.93,8,8.8,39.0,Other,South,False,4
2024-01-17,Sports,119.23,2,9.3,37.0,Other,East,False,3
2024-01-18,Electronics,124.28999999999999,16,1.7,31.0,Other,North,False,2
2024-01-19,Books,117.18,12,9.2,23.0,Female,South,False,1
2024-01-20,Sports,113.584,6,11.6,26.0,Female,West,True,3
2024-01-21,Electronics,153.28799999999998,1,18.1,36.0,Female,West,True,4
2024-01-22,Clothing,101.79,4,16.4,22.0,Female,South,False,3
2024-01-23,Clothing,80.59,17,17.7,56.0,Male,West,False,4
2024-01-24,Electronics,181.425,13,0.2,3.0,Female,West,False,4
2024-01-25,Clothing,111.8,18,5.4,,Other,East,False,5
2024-01-26,Electronics,190.29,5,16.5,36.0,Female,West,False,5
2024-01-27,Sports,95.248,3,12.1,41.0,Female,North,True,4
2024-01-28,Sports,105.19200000000001,11,0.1,24.0,Other,West,True,1
2024-01-29,Electronics,125.91,13,,49.0,Female,South,False,4
2024-01-30,Sports,139.52,4,19.3,18.0,Female,East,False,5
2024-01-31,Sports,105.93,14,13.7,28.0,Female,West,False,1
2024-02-01,Sports,162.26,11,1.7,42.0,Male,South,False,4
2024-02-02,Home,79.32,10,19.2,,Female,North,False,5
2024-02-03,Books,121.66400000000002,19,14.6,18.0,Other,West,True,4
2024-02-04,Clothing,84.75200000000001,18,19.5,67.0,Other,East,True,1
2024-02-05,Home,80.46,6,18.8,24.0,Female,West,False,1
2024-02-06,Sports,85.48,15,20.1,,Female,South,False,4
2024-02-07,Electronics,135.585,10,13.0,41.0,Female,East,False,3
2024-02-08,Sports,112.72,5,3.5,31.0,Other,West,False,4
2024-02-09,Books,115.69,5,16.8,29.0,Other,North,False,4
2024-02-10,Sports,66.23200000000001,10,15.5,42.0,Male,East,True,3
2024-02-11,Electronics,119.12400000000001,5,18.6,17.0,Male,North,True,5
2024-02-12,Books,164.27,3,4.2,15.0,Male,South,False,4
2024-02-13,Sports,151.83,6,4.9,28.0,Other,West,False,2
2024-02-14,Books,113.09,4,22.3,48.0,Male,North,False,5
2024-02-15,Clothing,101.14,18,18.7,28.0,Female,South,False,5
2024-02-16,Clothing,103.6,9,22.7,54.0,Female,West,False,4
2024-02-17,Sports,94.72800000000001,17,19.0,49.0,Other,South,True,5
2024-02-18,Books,55.455999999999996,13,14.9,,Male,North,True,4
2024-02-19,Electronics,138.42000000000002,15,16.4,39.0,Female,South,False,5
2024-02-20,Sports,49.94,17,22.2,38.0,Other,East,False,4
2024-02-21,Clothing,111.98,13,14.5,37.0,Male,West,False,4
2024-02-22,Clothing,119.42,16,15.8,31.0,Female,South,False,5
2024-02-23,Sports,85.5,4,3.9,32.0,Male,North,False,4
2024-02-24,Books,117.77600000000001,5,11.8,22.0,Other,West,True,2
2024-02-25,Clothing,50.584,5,17.9,8.0,Male,East,True,4
2024-02-26,Books,56.07,9,6.8,,Other,West,False,4
2024-02-27,Clothing,106.73,17,5.1,37.0,Male,East,False,3
2024-02-28,Clothing,131.41,13,7.8,35.0,Female,West,False,5
2024-02-29,Home,150.52,2,6.0,40.0,Other,South,False,3
2024-03-01,Clothing,86.23,13,5.4,25.0,Other,South,False,3
2024-03-02,Electronics,158.83200000000002,19,10.6,23.0,Other,North,True,5
2024-03-03,Sports,79.072,3,22.7,32.0,Male,East,True,4
2024-03-04,Sports,94.82,10,12.7,51.0,Male,North,False,2
2024-03-05,Books,126.51,2,4.7,,Female,South,False,4
2024-03-06,Clothing,119.57,13,1.9,3.0,Other,East,False,4
2024-03-07,Electronics,79.065,19,17.4,29.0,Other,North,False,2
2024-03-08,Books,144.3,17,9.6,49.0,Male,North,False,5
2024-03-09,Home,113.12,14,20.5,14.0,Male,North,True,4
2024-03-10,Books,64.98400000000001,12,16.5,21.0,Female,North,True,4
2024-03-11,Books,111.87,12,19.9,38.0,Female,North,False,4
2024-03-12,Clothing,114.82,11,6.8,66.0,Male,East,False,4
2024-03-13,Home,107.82,7,17.3,19.0,Other,North,False,3
2024-03-14,Books,83.49,4,6.6,,Female,East,False,3
2024-03-15,Electronics,119.77499999999999,19,23.5,39.0,Male,North,False,4
2024-03-16,Electronics,119.07600000000001,1,,49.0,Male,South,True,5
2024-03-17,Sports,108.144,3,8.1,28.0,Other,South,True,1
2024-03-18,Home,116.31,13,6.7,16.0,Male,North,False,4
2024-03-19,Home,88.88,15,4.8,40.0,Male,West,False,5
2024-03-20,Sports,123.15,2,17.4,42.0,Female,South,False,3
2024-03-21,Books,14.54,11,5.5,,Male,East,False,1
2024-03-22,Home,134.46,4,14.9,43.0,Male,North,False,3
2024-03-23,Electronics,57.37200000000001,19,6.6,45.0,Female,East,True,4
2024-03-24,Electronics,106.956,17,16.5,32.0,Other,West,True,2
2024-03-25,Clothing,66.41,3,20.4,64.0,Other,North,False,4
2024-03-26,Home,61.16,18,19.5,30.0,Female,South,False,4
2024-03-27,Books,134.82,8,19.0,28.0,Female,East,False,4
2024-03-28,Sports,85.97,19,4.7,,Other,South,False,3
2024-03-29,Sports,110.4,5,2.2,17.0,Other,South,False,4
2024-03-30,Books,78.87200000000001,7,17.5,13.0,Other,North,True,5
2024-03-31,Clothing,91.44800000000001,8,9.2,36.0,Other,East,True,5
2024-04-01,Sports,102.3,5,10.8,35.0,Other,West,False,5
2024-04-02,Home,61.51,17,0.8,32.0,Female,South,False,4
2024-04-03,Clothing,129.89,5,6.5,47.0,Male,North,False,4
2024-04-04,Home,85.19,4,0.8,24.0,Other,North,False,3
2024-04-05,Electronics,79.94999999999999,19,22.0,36.0,Other,West,False,2
2024-04-06,Clothing,69.728,2,6.1,31.0,Male,North,True,2
2024-04-07,Sports,116.01600000000002,11,13.9,24.0,Male,South,True,4
2024-04-08,Clothing,125.51,13,1.0,34.0,Male,North,False,3
2024-04-09,Clothing,89.54,15,16.7,45.0,Male,East,False,3
2024-04-10,Clothing,89.52,12,8.1,,Male,East,False,5
2024-04-11,Clothing,90.35,11,22.4,42.0,Male,South,False,3
2024-04-12,Home,162.3,7,22.2,5.0,Female,East,False,2
2024-04-13,Electronics,133.752,5,8.1,35.0,Male,West,True,2
2024-04-14,Books,90.32000000000001,17,22.5,36.0,Male,North,True,4
2024-04-15,Clothing,130.91,9,24.9,46.0,Female,South,False,4
2024-04-16,Sports,107.16,14,20.6,37.0,Male,West,False,4
2024-04-17,Clothing,92.23,12,21.1,50.0,Other,North,False,4
2024-04-18,Sports,94.11,6,6.2,40.0,Other,West,False,5
2024-04-19,Home,97.85,17,14.4,54.0,Male,South,False,5
2024-04-20,Sports,79.104,19,1.7,30.0,Female,South,True,5
2024-04-21,Books,97.464,19,2.4,37.0,Other,West,True,5
2024-04-22,Electronics,152.34,16,25.0,45.0,Female,North,False,4
2024-04-23,Sports,121.98,12,8.2,28.0,Other,East,False,3
2024-04-24,Sports,97.58,12,18.7,26.0,Male,East,False,2
2024-04-25,Electronics,153.54,6,20.2,27.0,Female,West,False,2
2024-04-26,Books,40.05,4,21.5,26.0,Female,South,False,4
2024-04-27,Clothing,101.992,6,24.9,41.0,Female,North,True,5
2024-04-28,Sports,88.31200000000001,11,6.0,13.0,Other,North,True,4
2024-04-29,Electronics,194.91,1,1.0,16.0,Other,South,False,2
2024-04-30,Home,13.11,15,10.3,57.0,Other,East,False,4
2024-05-01,Electronics,243.97500000000002,11,3.3,26.0,Male,North,False,5
2024-05-02,Home,95.81,19,0.6,37.0,Other,West,False,4
2024-05-03,Books,133.25,18,9.0,17.0,Male,East,False,5
2024-05-04,Clothing,55.04,17,19.6,36.0,Female,West,True,5
2024-05-05,Electronics,142.056,19,14.2,26.0,Female,East,True,5
2024-05-06,Sports,68.4,14,7.8,16.0,Male,South,False,5
2024-05-07,Books,81.29,18,16.4,51.0,Other,West,False,4
2024-05-08,Electronics,236.13,19,5.8,49.0,Male,West,False,3
2024-05-09,Sports,94.28,15,0.4,34.0,Female,South,False,2
2024-05-10,Electronics,159.78,15,19.1,47.0,Female,West,False,4
2024-05-11,Home,100.88,4,15.6,58.0,Male,East,True,2
2024-05-12,Electronics,137.84400000000002,7,19.1,44.0,Other,North,True,5
2024-05-13,Electronics,156.76500000000001,13,1.0,41.0,Other,North,False,3
2024-05-14,Electronics,166.425,3,20.9,37.0,Male,South,False,5
2024-05-15,Books,172.1,16,15.5,43.0,Male,East,False,4
2024-05-16,Electronics,147.405,9,14.1,31.0,Other,West,False,3
2024-05-17,Sports,106.03,8,15.6,32.0,Female,West,False,5
2024-05-18,Home,105.21600000000001,13,21.6,40.0,Male,North,True,4
2024-05-19,Home,106.536,17,,29.0,Other,West,True,4
2024-05-20,Electronics,203.41500000000002,17,14.5,31.0,Other,North,False,2
2024-05-21,Books,119.16,17,24.8,35.0,Female,South,False,4
2024-05-22,Books,65.71,1,18.9,49.0,Female,West,False,3
2024-05-23,Sports,149.0,8,11.1,21.0,Female,East,False,4
2024-05-24,Electronics,98.41499999999999,19,17.7,44.0,Female,West,False,4
2024-05-25,Home,87.26400000000001,6,9.7,45.0,Female,North,True,4
2024-05-26,Books,61.89600000000001,3,5.7,44.0,Male,South,True,4
2024-05-27,Electronics,147.12,5,14.9,25.0,Other,North,False,4
2024-05-28,Books,109.86,13,,15.0,Male,West,False,3
2024-05-29,Books,109.64,15,23.2,42.0,Male,North,False,5
2024-05-30,Home,112.66,14,8.5,37.0,Male,North,False,3
2024-05-31,Clothing,148.41,16,13.2,47.0,Male,South,False,4
2024-06-01,Sports,90.888,18,5.3,27.0,Male,East,True,4
2024-06-02,Sports,74.144,11,24.9,44.0,Female,West,True,5
2024-06-03,Home,128.92,3,24.5,48.0,Female,South,False,4
2024-06-04,Books,135.68,10,16.2,34.0,Other,East,False,4
2024-06-05,Electronics,94.755,10,20.1,40.0,Male,North,False,4
2024-06-06,Books,117.92,16,17.9,40.0,Other,East,False,4
2024-06-07,Home,121.04,12,14.8,25.0,Female,North,False,2
2024-06-08,Sports,72.856,2,1.3,41.0,Female,North,True,4
2024-06-09,Books,113.01600000000002,9,,54.0,Female,South,True,4
2024-06-10,Sports,95.5,3,16.9,35.0,Male,North,False,5
2024-06-11,Electronics,155.655,15,16.9,17.0,Male,South,False,4
2024-06-12,Sports,94.81,3,9.3,27.0,Female,East,False,4
2024-06-13,Sports,100.47,19,23.5,14.0,Other,East,False,3
2024-06-14,Clothing,67.11,18,,50.0,Other,North,False,5
2024-06-15,Clothing,45.44,8,12.5,44.0,Female,South,True,5
2024-06-16,Clothing,118.272,17,17.3,29.0,Other,North,True,3
2024-06-17,Sports,74.59,8,17.4,18.0,Female,South,False,3
2024-06-18,Home,70.26,7,16.2,25.0,Other,South,False,4
2024-06-19,Sports,35.4,7,6.9,27.0,Female,South,False,3
2024-06-20,Home,80.83,3,3.9,36.0,Other,East,False,3
2024-06-21,Home,60.31,1,15.9,36.0,Male,South,False,3
2024-06-22,Clothing,119.408,4,15.0,51.0,Female,East,True,3
2024-06-23,Books,104.232,5,4.5,27.0,Female,South,True,4
2024-06-24,Electronics,119.03999999999999,1,17.6,17.0,Other,East,False,4
2024-06-25,Clothing,167.57,15,11.4,21.0,Female,West,False,3
2024-06-26,Clothing,129.45,5,16.7,35.0,Female,East,False,3
2024-06-27,Books,90.26,13,20.9,26.0,Female,East,False,3
2024-06-28,Electronics,37.53,8,4.2,31.0,Male,North,False,4
2024-06-29,Sports,134.984,8,0.5,30.0,Male,South,True,3
2024-06-30,Sports,46.648,5,19.5,47.0,Other,West,True,4
2024-07-01,Clothing,50.64,9,15.2,28.0,Male,North,False,4
2024-07-02,Electronics,196.02,1,17.5,30.0,Other,South,False,1
2024-07-03,Clothing,173.19,4,21.0,44.0,Male,West,False,1
2024-07-04,Home,141.53,3,20.1,28.0,Other,West,False,2
2024-07-05,Clothing,116.92,2,24.0,40.0,Male,West,False,4
2024-07-06,Clothing,94.272,8,13.4,39.0,Male,South,True,5
2024-07-07,Sports,100.48,9,,37.0,Other,West,True,1
2024-07-08,Sports,122.77,2,10.0,21.0,Female,West,False,5
2024-07-09,Sports,108.44,14,3.8,50.0,Female,North,False,2
2024-07-10,Home,103.13,14,14.3,62.0,Male,East,False,5
2024-07-11,Sports,98.12,4,6.9,35.0,Other,South,False,4
2024-07-12,Electronics,116.07,6,23.0,22.0,Female,East,False,4
2024-07-13,Books,73.264,11,14.6,35.0,Other,North,True,4
2024-07-14,Electronics,59.052,3,14.8,47.0,Female,East,True,4
2024-07-15,Electronics,145.575,8,8.9,28.0,Other,West,False,5
2024-07-16,Sports,70.34,3,1.3,33.0,Male,West,False,5
2024-07-17,Books,66.89,14,0.8,39.0,Other,South,False,4
2024-07-18,Books,105.4,13,10.6,49.0,Female,South,False,2
2024-07-19,Books,141.76,13,2.1,44.0,Male,South,False,2
2024-07-20,Home,102.04,2,15.2,45.0,Other,North,True,5
2024-07-21,Sports,42.304,13,22.0,30.0,Female,South,True,4
2024-07-22,Books,70.31,19,22.1,40.0,Male,North,False,4
2024-07-23,Home,128.22,6,16.5,26.0,Other,West,False,4
2024-07-24,Clothing,70.53,16,5.3,45.0,Female,East,False,5
2024-07-25,Clothing,93.26,2,21.6,49.0,Other,West,False,4
2024-07-26,Home,116.5,8,22.2,42.0,Other,West,False,5
2024-07-27,Home,56.760000000000005,17,4.9,31.0,Male,West,True,5
2024-07-28,Sports,82.528,2,18.4,33.0,Male,South,True,4
2024-07-29,Sports,59.98,10,7.2,57.0,Female,South,False,3
2024-07-30,Clothing,81.96,16,,31.0,Male,South,False,5
2024-07-31,Books,109.59,6,24.9,48.0,Female,East,False,4
2024-08-01,Clothing,52.21,2,0.8,39.0,Other,South,False,5
2024-08-02,Books,113.21,2,22.4,31.0,Other,North,False,2
2024-08-03,Books,79.528,13,15.6,19.0,Female,West,True,2
2024-08-04,Sports,93.256,15,24.3,38.0,Other,East,True,5
2024-08-05,Electronics,160.07999999999998,2,11.6,36.0,Male,East,False,4
2024-08-06,Electronics,211.38,7,21.2,57.0,Other,East,False,4
2024-08-07,Home,103.76,3,1.6,25.0,Male,East,False,5
2024-08-08,Sports,87.12,8,8.4,63.0,Female,East,False,4
2024-08-09,Books,103.67,14,1.7,40.0,Female,North,False,4
2024-08-10,Electronics,139.56,7,24.4,,Other,West,True,2
2024-08-11,Books,81.176,7,20.4,28.0,Other,East,True,5
2024-08-12,Electronics,151.82999999999998,1,21.3,39.0,Male,West,False,5
2024-08-13,Electronics,118.41,17,23.4,41.0,Male,South,False,3
2024-08-14,Electronics,120.16499999999999,9,2.1,46.0,Other,East,False,5
2024-08-15,Sports,57.92,13,9.6,23.0,Other,East,False,5
2024-08-16,Clothing,152.49,19,1.8,52.0,Female,West,False,4
2024-08-17,Books,50.144000000000005,19,5.3,39.0,Female,East,True,4
2024-08-18,Sports,63.367999999999995,17,5.7,42.0,Female,East,True,4
2024-08-19,Sports,78.45,10,11.7,32.0,Other,East,False,3
2024-08-20,Sports,126.85,10,6.7,24.0,Other,North,False,4
2024-08-21,Sports,91.15,4,2.5,36.0,Other,North,False,5
2024-08-22,Sports,137.43,8,4.2,37.0,Female,East,False,4
2024-08-23,Home,79.8,18,3.7,18.0,Other,North,False,4
2024-08-24,Books,86.69600000000001,14,24.3,45.0,Male,South,True,3
2024-08-25,Sports,59.952,18,19.0,47.0,Other,East,True,2
2024-08-26,Books,164.35,14,24.2,,Other,South,False,4
2024-08-27,Home,64.37,15,11.0,23.0,Other,West,False,1
2024-08-28,Home,109.29,4,7.0,31.0,Other,South,False,4
2024-08-29,Books,119.01,13,20.0,35.0,Other,West,False,4
2024-08-30,Electronics,168.615,8,8.2,32.0,Male,East,False,5
2024-08-31,Clothing,75.552,18,7.5,34.0,Male,West,True,3
2024-09-01,Electronics,115.332,12,5.8,38.0,Other,West,True,4
2024-09-02,Electronics,151.965,14,3.2,19.0,Female,South,False,4
2024-09-03,Electronics,143.385,2,6.4,20.0,Other,South,False,1
2024-09-04,Sports,128.92,18,8.9,2.0,Other,South,False,2
2024-09-05,Home,166.32,2,,46.0,Other,East,False,3
2024-09-06,Electronics,124.92,11,1.6,35.0,Female,East,False,5
2024-09-07,Home,47.128,9,5.3,48.0,Female,South,True,2
2024-09-08,Books,77.88,12,20.2,21.0,Female,East,True,4
2024-09-09,Clothing,177.39,17,3.7,35.0,Male,East,False,5
2024-09-10,Books,75.89,15,8.6,38.0,Female,West,False,5
2024-09-11,Books,149.17,17,21.6,28.0,Male,West,False,3
2024-09-12,Sports,150.33,18,3.9,16.0,Male,South,False,5
2024-09-13,Clothing,83.39,6,2.1,,Female,East,False,2
2024-09-14,Books,93.656,17,12.1,52.0,Female,West,True,4
2024-09-15,Books,119.08,18,7.6,30.0,Female,North,True,5
2024-09-16,Clothing,88.63,8,14.1,41.0,Male,East,False,4
2024-09-17,Clothing,93.89,9,20.1,29.0,Other,North,False,4
2024-09-18,Books,82.55,6,3.4,23.0,Female,South,False,3
2024-09-19,Clothing,69.56,5,14.5,57.0,Female,East,False,4
2024-09-20,Books,80.52,12,12.6,15.0,Female,South,False,4
2024-09-21,Books,50.624,11,3.6,32.0,Male,South,True,3
2024-09-22,Sports,80.816,1,15.6,36.0,Male,South,True,5
2024-09-23,Electronics,115.35000000000001,11,6.8,55.0,Other,South,False,5
2024-09-24,Books,107.01,19,12.2,46.0,Female,South,False,5
2024-09-25,Home,53.32,9,2.1,15.0,Male,East,False,4
2024-09-26,Electronics,164.895,2,11.5,35.0,Other,North,False,4
2024-09-27,Electronics,187.51500000000001,12,7.7,35.0,Female,East,False,5
2024-09-28,Electronics,48.228,4,20.6,32.0,Male,East,True,5
2024-09-29,Sports,88.976,4,1.4,42.0,Female,East,True,4
2024-09-30,Books,136.83,18,10.5,18.0,Female,West,False,2
2024-10-01,Sports,63.71,15,11.5,30.0,Male,West,False,2
2024-10-02,Books,150.18,19,18.1,,Male,East,False,4
2024-10-03,Sports,112.57,13,14.4,43.0,Male,North,False,4
2024-10-04,Sports,78.85,19,16.7,37.0,Female,East,False,5
2024-10-05,Home,78.664,17,19.4,32.0,Female,South,True,3
2024-10-06,Sports,93.4,6,21.6,34.0,Other,West,True,3
2024-10-07,Clothing,102.28,16,7.8,44.0,Female,West,False,4
2024-10-08,Home,116.16,12,13.5,35.0,Male,East,False,4
2024-10-09,Sports,72.38,19,21.0,22.0,Female,East,False,2
2024-10-10,Electronics,157.62,5,24.7,20.0,Other,North,False,4
2024-10-11,Clothing,57.59,17,22.2,17.0,Other,North,False,4
2024-10-12,Clothing,77.328,1,9.3,52.0,Male,South,True,4
2024-10-13,Clothing,58.304,10,4.9,45.0,Male,East,True,4
2024-10-14,Home,77.93,15,12.2,34.0,Other,East,False,3
2024-10-15,Sports,137.08,11,18.5,30.0,Other,East,False,4
2024-10-16,Sports,132.74,13,12.3,28.0,Other,West,False,5
2024-10-17,Electronics,177.405,5,12.1,48.0,Male,South,False,1
2024-10-18,Electronics,100.845,1,21.0,58.0,Other,North,False,5
2024-10-19,Clothing,72.408,12,9.0,28.0,Other,West,True,4
2024-10-20,Electronics,163.668,11,21.5,49.0,Male,West,True,5
2024-10-21,Home,104.25,17,10.2,35.0,Female,West,False,5
2024-10-22,Sports,169.58,4,8.2,32.0,Female,West,False,3
2024-10-23,Clothing,111.8,15,11.3,53.0,Other,South,False,4
2024-10-24,Electronics,158.64000000000001,9,19.1,35.0,Female,East,False,3
2024-10-25,Home,90.73,19,3.2,39.0,Female,North,False,5
2024-10-26,Home,83.20800000000001,19,4.9,38.0,Female,North,True,4
2024-10-27,Electronics,114.51600000000002,12,23.8,15.0,Female,West,True,4
2024-10-28,Sports,121.24,5,4.4,38.0,Other,West,False,4
2024-10-29,Electronics,193.04999999999998,10,14.2,28.0,Female,South,False,5
2024-10-30,Clothing,76.42,17,,18.0,Female,West,False,3
2024-10-31,Electronics,90.09,5,12.2,29.0,Male,North,False,4
2024-11-01,Home,44.91,16,16.1,29.0,Other,North,False,4
2024-11-02,Electronics,138.28799999999998,7,5.7,47.0,Male,East,True,4
2024-11-03,Sports,53.52000000000001,9,13.8,22.0,Male,East,True,4
2024-11-04,Books,35.41,3,9.3,26.0,Other,North,False,4
2024-11-05,Electronics,167.49,15,16.5,38.0,Female,North,False,3
2024-11-06,Sports,174.79,16,3.5,19.0,Male,South,False,5
2024-11-07,Sports,99.82,18,14.3,27.0,Other,South,False,2
2024-11-08,Home,125.15,14,4.6,15.0,Female,North,False,4
2024-11-09,Sports,81.96000000000001,3,7.0,,Other,West,True,3
2024-11-10,Sports,77.62400000000001,12,5.5,31.0,Male,East,True,1
2024-11-11,Sports,127.57,9,,35.0,Female,North,False,3
2024-11-12,Sports,91.29,7,20.6,46.0,Female,West,False,4
2024-11-13,Clothing,108.02,9,7.1,26.0,Other,North,False,4
2024-11-14,Clothing,109.65,13,23.2,31.0,Female,East,False,1
2024-11-15,Home,79.96,18,24.2,22.0,Male,East,False,1
2024-11-16,Electronics,155.712,5,14.3,22.0,Male,South,True,5
2024-11-17,Sports,75.8,13,3.6,24.0,Male,South,True,2
2024-11-18,Electronics,115.995,4,9.4,29.0,Other,South,False,5
2024-11-19,Electronics,174.14999999999998,2,19.9,30.0,Female,South,False,3
2024-11-20,Home,73.05,16,9.2,,Female,East,False,4
2024-11-21,Sports,100.85,9,2.2,24.0,Female,West,False,3
2024-11-22,Sports,99.73,9,13.9,,Male,West,False,5
2024-11-23,Books,106.06400000000002,6,21.1,41.0,Female,West,True,4
2024-11-24,Electronics,137.088,11,19.9,29.0,Male,North,True,4
2024-11-25,Electronics,148.875,1,4.4,25.0,Female,South,False,2
2024-11-26,Clothing,124.53,4,16.8,36.0,Male,South,False,4
2024-11-27,Books,141.71,13,5.5,,Female,East,False,4
2024-11-28,Clothing,116.73,13,5.5,,Other,East,False,1
2024-11-29,Clothing,100.31,13,21.9,54.0,Other,North,False,1
2024-11-30,Clothing,48.512,2,6.2,36.0,Male,North,True,5
2024-12-01,Home,54.44,9,6.6,27.0,Male,West,True,3
2024-12-02,Home,90.84,8,0.0,24.0,Female,East,False,4
2024-12-03,Clothing,81.71,7,21.8,25.0,Female,South,False,4
2024-12-04,Books,94.39,4,19.8,17.0,Other,West,False,5
2024-12-05,Electronics,152.55,18,,46.0,Female,South,False,5
2024-12-06,Books,115.89,3,18.8,8.0,Male,West,False,5
2024-12-07,Sports,78.31200000000001,6,3.8,41.0,Male,South,True,3
2024-12-08,Home,91.68,12,11.5,25.0,Male,North,True,5
2024-12-09,Electronics,152.895,12,8.8,29.0,Male,West,False,3
2024-12-10,Electronics,61.11,8,2.3,24.0,Male,South,False,4
2024-12-11,Sports,71.82,1,12.2,52.0,Other,South,False,4
2024-12-12,Sports,95.68,4,23.0,35.0,Other,East,False,1
2024-12-13,Clothing,63.71,11,1.0,44.0,Male,West,False,5
2024-12-14,Home,94.4,3,7.3,51.0,Female,South,True,2
2024-12-15,Home,116.73599999999999,13,5.2,37.0,Male,East,True,4
2024-12-16,Books,136.56,17,,21.0,Other,South,False,5
2024-12-17,Clothing,93.6,10,22.7,32.0,Male,West,False,5
2024-12-18,Clothing,144.72,12,11.7,26.0,Other,North,False,2
2024-12-19,Clothing,104.46,15,11.7,29.0,Other,West,False,4
2024-12-20,Clothing,89.89,10,,34.0,Male,West,False,5
2024-12-21,Home,65.28,14,3.9,33.0,Male,South,True,3
2024-12-22,Home,72.74400000000001,13,12.2,40.0,Female,South,True,4
2024-12-23,Clothing,88.35,5,10.7,42.0,Other,West,False,3
2024-12-24,Books,105.11,6,14.9,,Female,East,False,4
2024-12-25,Electronics,157.23,2,25.0,40.0,Male,East,False,5
2024-12-26,Electronics,150.135,17,,28.0,Other,East,False,4
2024-12-27,Books,113.11,4,9.9,51.0,Female,South,False,4
2024-12-28,Clothing,108.57600000000001,14,20.7,28.0,Female,South,True,4
2024-12-29,Home,102.79200000000002,10,4.3,49.0,Female,West,True,4
2024-12-30,Electronics,83.17500000000001,3,,17.0,Male,North,False,1
2024-12-31,Sports,23.38,3,5.1,30.0,Male,South,False,3
2025-01-01,Sports,128.03,15,8.5,31.0,Male,West,False,4
2025-01-02,Books,58.99,6,12.8,38.0,Other,West,False,4
2025-01-03,Clothing,93.26,17,15.4,45.0,Male,North,False,4
2025-01-04,Electronics,77.88000000000001,12,22.8,20.0,Other,East,True,3
2025-01-05,Clothing,36.752,11,12.7,22.0,Female,West,True,4
2025-01-06,Electronics,174.35999999999999,4,12.5,18.0,Female,West,False,3
2025-01-07,Books,122.77,6,1.3,51.0,Male,West,False,5
2025-01-08,Books,82.7,1,0.9,39.0,Female,East,False,4
2025-01-09,Sports,22.27,16,13.8,22.0,Male,East,False,1
2025-01-10,Clothing,83.61,15,11.0,30.0,Other,North,False,1
2025-01-11,Sports,89.4,17,21.0,49.0,Female,South,True,5
2025-01-12,Clothing,44.504000000000005,8,4.0,32.0,Male,East,True,3
2025-01-13,Sports,105.5,12,0.6,31.0,Female,South,False,5
2025-01-14,Home,99.54,10,11.2,26.0,Female,South,False,2
2025-01-15,Home,117.38,15,,23.0,Male,East,False,5
2025-01-16,Home,103.59,9,1.2,49.0,Female,West,False,5
2025-01-17,Home,70.81,2,18.1,55.0,Female,North,False,4
2025-01-18,Electronics,163.08000000000004,5,2.8,23.0,Female,South,True,1
2025-01-19,Home,76.192,6,15.2,52.0,Female,West,True,3
2025-01-20,Books,99.18,7,7.0,29.0,Other,East,False,4
2025-01-21,Books,72.0,1,4.3,41.0,Female,South,False,4
2025-01-22,Electronics,130.05,7,,52.0,Female,South,False,3
2025-01-23,Home,73.46,12,20.0,33.0,Male,South,False,1
2025-01-24,Home,94.81,16,9.8,31.0,Other,West,False,4
2025-01-25,Home,121.08,16,18.8,45.0,Male,West,True,4
2025-01-26,Sports,47.072,11,3.1,22.0,Male,West,True,3
2025-01-27,Clothing,51.59,4,19.3,49.0,Male,South,False,1
2025-01-28,Sports,144.14,13,5.9,37.0,Other,South,False,5
2025-01-29,Clothing,93.72,7,16.9,28.0,Male,North,False,4
2025-01-30,Home,79.93,4,14.1,28.0,Male,North,False,5
2025-01-31,Home,131.2,15,23.2,18.0,Male,West,False,4
2025-02-01,Sports,65.464,19,9.7,29.0,Female,West,True,1
2025-02-02,Sports,123.82400000000001,9,1.7,32.0,Male,East,True,3
2025-02-03,Clothing,120.34,11,0.5,22.0,Other,West,False,3
2025-02-04,Books,85.36,8,20.7,34.0,Other,North,False,5
2025-02-05,Clothing,164.72,1,13.1,41.0,Female,North,False,4
2025-02-06,Sports,81.83,8,19.4,32.0,Other,North,False,3
2025-02-07,Sports,122.26,13,5.9,43.0,Other,South,False,5
2025-02-08,Electronics,130.776,4,8.6,25.0,Female,South,True,3
2025-02-09,Sports,111.24000000000001,8,0.8,47.0,Male,West,True,5
2025-02-10,Electronics,220.27499999999998,3,24.0,36.0,Female,East,False,5
2025-02-11,Books,100.96,9,16.7,54.0,Male,East,False,3
2025-02-12,Clothing,77.4,2,23.3,64.0,Male,East,False,3
2025-02-13,Clothing,113.8,2,6.6,29.0,Other,South,False,4
2025-02-14,Electronics,119.505,13,15.3,30.0,Female,North,False,4
2025-02-15,Clothing,128.32000000000002,15,17.0,32.0,Other,North,True,4
2025-02-16,Sports,83.28,12,7.9,42.0,Other,South,True,5
2025-02-17,Home,89.04,4,21.2,51.0,Male,East,False,4
2025-02-18,Electronics,158.31,8,23.7,27.0,Other,East,False,3
2025-02-19,Clothing,59.59,9,22.1,40.0,Female,West,False,2
2025-02-20,Electronics,106.27499999999999,5,18.5,33.0,Other,West,False,4
2025-02-21,Electronics,204.015,18,6.9,42.0,Other,East,False,3
2025-02-22,Home,64.23200000000001,11,7.0,53.0,Male,South,True,5
2025-02-23,Sports,54.87200000000001,15,24.1,32.0,Female,East,True,3
2025-02-24,Electronics,174.14999999999998,9,0.3,15.0,Other,West,False,3
2025-02-25,Clothing,135.57,17,17.9,44.0,Male,East,False,1
2025-02-26,Books,121.57,12,17.7,25.0,Other,South,False,4
2025-02-27,Electronics,194.82,7,15.6,33.0,Female,North,False,2
2025-02-28,Electronics,115.94999999999999,10,24.8,44.0,Other,South,False,5
2025-03-01,Home,45.88,10,7.8,39.0,Other,South,True,4
2025-03-02,Sports,116.032,13,8.5,34.0,Male,West,True,5
2025-03-03,Books,90.32,19,2.0,28.0,Other,South,False,4
2025-03-04,Clothing,92.48,11,11.1,0.0,Male,South,False,2
2025-03-05,Books,139.85,13,6.5,43.0,Female,West,False,5
2025-03-06,Clothing,116.69,8,8.6,32.0,Other,West,False,2
2025-03-07,Sports,113.68,8,20.9,53.0,Female,North,False,4
2025-03-08,Clothing,131.96,4,23.4,40.0,Female,East,True,3
2025-03-09,Home,64.552,15,4.6,29.0,Other,South,True,5
2025-03-10,Home,127.84,11,9.3,48.0,Male,West,False,5
2025-03-11,Home,101.71,11,23.2,49.0,Female,North,False,4
2025-03-12,Home,108.06,1,1.5,32.0,Female,East,False,4
2025-03-13,Books,145.85,17,2.3,49.0,Other,West,False,5
2025-03-14,Sports,115.24,15,4.1,28.0,Other,East,False,1
2025-03-15,Clothing,92.92000000000002,6,14.9,37.0,Other,East,True,5
2025-03-16,Clothing,105.74400000000001,15,3.8,42.0,Other,South,True,3
2025-03-17,Home,89.05,9,24.2,44.0,Other,South,False,5
2025-03-18,Home,74.82,14,11.2,42.0,Other,West,False,4
2025-03-19,Electronics,102.99,18,12.5,31.0,Male,East,False,5
2025-03-20,Sports,41.01,17,6.2,48.0,Female,West,False,4
2025-03-21,Books,161.69,18,11.8,34.0,Male,West,False,4
2025-03-22,Clothing,53.52000000000001,5,16.5,28.0,Male,East,True,4
2025-03-23,Electronics,112.032,9,18.8,28.0,Other,West,True,1
2025-03-24,Electronics,137.55,11,18.8,58.0,Female,East,False,4
2025-03-25,Clothing,109.22,1,,26.0,Male,East,False,4
2025-03-26,Books,124.47,18,22.6,50.0,Other,East,False,5
2025-03-27,Electronics,188.715,6,20.4,21.0,Other,East,False,4
2025-03-28,Electronics,123.76500000000001,2,18.9,41.0,Female,North,False,2
2025-03-29,Sports,75.992,15,1.4,39.0,Male,East,True,3
2025-03-30,Books,86.784,14,0.2,54.0,Male,South,True,4
2025-03-31,Electronics,138.81,5,5.3,27.0,Male,South,False,3
2025-04-01,Books,148.22,6,16.6,24.0,Other,South,False,3
2025-04-02,Clothing,114.73,6,10.3,34.0,Female,East,False,5
2025-04-03,Home,122.05,18,10.1,55.0,Female,South,False,4
2025-04-04,Electronics,179.835,14,22.1,24.0,Male,North,False,4
2025-04-05,Sports,108.16,10,22.4,4.0,Other,West,True,3
2025-04-06,Clothing,84.34400000000001,14,22.7,36.0,Male,East,True,4
2025-04-07,Books,61.1,13,7.8,46.0,Female,South,False,3
2025-04-08,Clothing,111.99,3,17.3,23.0,Other,North,False,4
2025-04-09,Electronics,120.69,6,6.8,45.0,Male,West,False,2
2025-04-10,Books,84.14,8,4.8,23.0,Male,North,False,5
2025-04-11,Home,117.59,12,4.6,33.0,Other,South,False,4
2025-04-12,Clothing,109.72000000000001,13,8.6,44.0,Female,North,True,4
2025-04-13,Electronics,120.76800000000001,11,10.7,21.0,Other,West,True,4
2025-04-14,Sports,109.26,12,20.8,37.0,Male,South,False,4
2025-04-15,Books,151.07,1,3.0,50.0,Male,West,False,2
2025-04-16,Clothing,107.22,17,18.4,41.0,Male,North,False,5
2025-04-17,Clothing,178.05,16,13.3,26.0,Male,East,False,3
2025-04-18,Home,116.97,11,7.2,53.0,Female,East,False,5
2025-04-19,Home,37.744,13,12.3,43.0,Female,East,True,5
2025-04-20,Sports,98.08,18,7.5,13.0,Male,East,True,3
2025-04-21,Sports,111.43,11,14.9,45.0,Female,West,False,5
2025-04-22,Electronics,208.035,12,10.8,28.0,Female,East,False,4
2025-04-23,Electronics,180.3,6,4.1,37.0,Female,West,False,2
2025-04-24,Sports,95.85,9,,47.0,Male,South,False,5
2025-04-25,Sports,63.27,16,13.7,28.0,Other,East,False,4
2025-04-26,Books,74.98400000000001,4,22.6,15.0,Other,West,True,4
2025-04-27,Home,59.584,3,8.6,53.0,Other,East,True,4
2025-04-28,Electronics,123.87,16,18.3,49.0,Male,East,False,3
2025-04-29,Home,117.66,12,16.5,34.0,Female,East,False,5
2025-04-30,Home,150.1,11,23.3,45.0,Female,West,False,2
2025-05-01,Sports,111.84,5,20.5,31.0,Male,North,False,3
2025-05-02,Books,64.12,18,14.2,36.0,Male,East,False,4
2025-05-03,Clothing,90.67200000000001,19,16.4,33.0,Other,East,True,4
2025-05-04,Books,108.72000000000001,6,22.5,31.0,Other,South,True,4
2025-05-05,Books,81.71,18,10.0,39.0,Male,North,False,3
2025-05-06,Home,95.98,6,8.2,21.0,Other,West,False,2
2025-05-07,Books,100.44,4,0.3,32.0,Female,South,False,3
2025-05-08,Electronics,114.67500000000001,12,20.7,39.0,Male,East,False,5
2025-05-09,Home,119.45,19,20.0,57.0,Male,South,False,2
2025-05-10,Electronics,115.644,2,2.6,21.0,Female,South,True,5
2025-05-11,Clothing,90.072,17,14.4,41.0,Female,East,True,5
2025-05-12,Home,73.38,11,11.6,43.0,Female,North,False,5
2025-05-13,Clothing,86.88,11,3.0,12.0,Other,North,False,5
2025-05-14,Home,121.67,16,24.5,40.0,Male,South,False,3
2025-05-15,Sports,88.82,2,5.4,46.0,Other,East,False,3
2025-05-16,Books,151.81,2,1.7,42.0,Female,West,False,4
2025-05-17,Sports,70.408,8,14.9,34.0,Other,South,True,3
2025-05-18,Clothing,85.392,13,18.5,39.0,Female,West,True,4
2025-05-19,Books,127.98,10,,37.0,Other,South,False,4
2025-05-20,Home,57.45,8,16.5,15.0,Other,South,False,5
2025-05-21,Books,47.18,4,13.3,37.0,Female,East,False,2
2025-05-22,Electronics,81.345,15,2.6,31.0,Other,East,False,5
2025-05-23,Books,137.88,1,4.3,27.0,Male,West,False,3
2025-05-24,Electronics,100.128,11,14.2,65.0,Other,West,True,4
2025-05-25,Books,141.4,7,7.4,,Other,North,True,4
2025-05-26,Electronics,124.60499999999999,17,23.5,21.0,Male,East,False,5
2025-05-27,Clothing,105.54,18,20.5,39.0,Female,South,False,4
2025-05-28,Sports,146.26,12,24.6,52.0,Male,South,False,5
2025-05-29,Home,160.18,9,6.5,17.0,Other,North,False,5
2025-05-30,Books,161.85,5,24.2,36.0,Female,East,False,5
2025-05-31,Sports,109.0,10,10.8,36.0,Other,South,True,2
2025-06-01,Home,104.57600000000001,4,8.7,20.0,Other,North,True,5
2025-06-02,Home,117.78,5,1.3,40.0,Male,North,False,5
2025-06-03,Electronics,185.02499999999998,10,1.3,48.0,Male,South,False,2
2025-06-04,Clothing,83.46,11,17.3,53.0,Female,South,False,2
2025-06-05,Clothing,75.45,10,11.4,32.0,Female,West,False,2
2025-06-06,Sports,99.9,8,,65.0,Female,East,False,1
2025-06-07,Clothing,75.912,2,15.3,10.0,Other,West,True,4
2025-06-08,Books,69.12,8,6.3,39.0,Male,North,True,5
2025-06-09,Clothing,120.89,16,14.4,18.0,Male,South,False,4
2025-06-10,Sports,128.66,5,9.0,36.0,Male,West,False,4
2025-06-11,Clothing,102.65,3,20.6,29.0,Female,North,False,5
2025-06-12,Books,144.33,12,20.5,41.0,Male,East,False,3
2025-06-13,Electronics,98.625,13,11.9,33.0,Male,South,False,5
2025-06-14,Sports,75.352,13,8.8,25.0,Male,West,True,4
2025-06-15,Electronics,94.2,10,,26.0,Female,East,True,4
2025-06-16,Electronics,66.0,4,20.1,58.0,Male,West,False,3
2025-06-17,Electronics,146.28,9,8.2,40.0,Female,North,False,4
2025-06-18,Home,96.35,2,5.2,15.0,Male,East,False,2
2025-06-19,Home,145.4,19,,42.0,Male,West,False,5
2025-06-20,Electronics,178.38,1,11.7,33.0,Male,East,False,3
2025-06-21,Sports,55.416,7,12.1,35.0,Female,North,True,5
2025-06-22,Books,124.49600000000001,17,21.0,45.0,Female,East,True,4
2025-06-23,Books,136.63,3,5.5,49.0,Male,West,False,2
2025-06-24,Clothing,117.46,3,9.5,25.0,Other,North,False,4
2025-06-25,Sports,93.21,3,20.2,35.0,Female,South,False,3
2025-06-26,Home,71.22,17,20.6,28.0,Female,West,False,5
2025-06-27,Electronics,133.245,7,9.6,42.0,Male,West,False,5
2025-06-28,Clothing,106.128,14,11.5,32.0,Other,North,True,5
2025-06-29,Books,125.232,17,7.6,35.0,Male,North,True,1
2025-06-30,Home,146.3,18,23.3,32.0,Female,South,False,4
2025-07-01,Home,85.33,13,3.0,34.0,Female,West,False,4
2025-07-02,Electronics,99.615,18,23.3,55.0,Male,North,False,5
2025-07-03,Books,104.23,4,17.1,64.0,Male,South,False,2
2025-07-04,Sports,46.95,1,13.3,40.0,Other,South,False,4
2025-07-05,Home,87.76,18,0.8,34.0,Other,North,True,4
2025-07-06,Electronics,114.684,1,11.9,16.0,Female,West,True,3
2025-07-07,Sports,86.02,13,10.2,26.0,Other,East,False,3
2025-07-08,Books,52.16,10,4.0,33.0,Other,East,False,4
2025-07-09,Home,115.41,11,16.4,26.0,Female,South,False,5
2025-07-10,Sports,84.02,9,24.3,28.0,Female,East,False,5
2025-07-11,Sports,64.9,9,14.1,54.0,Female,East,False,4
2025-07-12,Sports,11.064,5,17.9,,Female,North,True,4
2025-07-13,Home,79.33600000000001,1,1.7,36.0,Male,South,True,3
2025-07-14,Home,153.17,17,10.4,27.0,Female,West,False,5
2025-07-15,Clothing,149.84,2,2.9,,Female,South,False,5
2025-07-16,Books,86.29,13,15.3,32.0,Female,North,False,5
2025-07-17,Electronics,122.89500000000001,9,23.5,29.0,Other,East,False,5
2025-07-18,Sports,114.06,4,16.5,16.0,Female,West,False,3
2025-07-19,Clothing,56.04,5,1.9,34.0,Male,South,True,5
2025-07-20,Electronics,130.85999999999999,11,,28.0,Male,East,True,4
2025-07-21,Clothing,122.98,19,13.8,55.0,Female,South,False,3
2025-07-22,Home,136.81,3,10.1,,Male,West,False,4
2025-07-23,Sports,97.0,12,20.8,20.0,Other,South,False,2
2025-07-24,Electronics,140.835,19,20.4,22.0,Female,South,False,1
2025-07-25,Electronics,110.49,19,15.3,32.0,Male,South,False,4
2025-07-26,Electronics,90.22800000000001,13,9.3,25.0,Male,East,True,4
2025-07-27,Electronics,111.852,7,6.4,38.0,Female,West,True,5
2025-07-28,Electronics,166.53,15,2.6,31.0,Male,West,False,2
2025-07-29,Clothing,127.41,7,8.9,38.0,Female,East,False,2
2025-07-30,Sports,75.9,8,10.3,47.0,Male,East,False,2
2025-07-31,Home,144.78,5,16.9,22.0,Other,East,False,1
2025-08-01,Home,91.87,14,16.5,47.0,Male,North,False,2
2025-08-02,Home,79.488,4,1.8,26.0,Male,South,True,4
2025-08-03,Home,62.064,10,,61.0,Female,South,True,4
2025-08-04,Clothing,27.27,15,4.5,54.0,Male,West,False,5
2025-08-05,Books,126.52,18,3.9,34.0,Female,South,False,5
2025-08-06,Sports,122.11,13,20.7,23.0,Other,North,False,4
2025-08-07,Electronics,137.34,8,1.0,21.0,Female,East,False,2
2025-08-08,Books,102.01,9,10.5,45.0,Female,West,False,2
2025-08-09,Home,92.38400000000001,16,4.2,35.0,Male,West,True,5
2025-08-10,Books,42.496,19,22.0,46.0,Other,South,True,4
2025-08-11,Sports,84.13,16,13.9,61.0,Female,West,False,5
2025-08-12,Electronics,185.745,7,5.8,26.0,Male,East,False,5
2025-08-13,Electronics,93.55499999999999,14,12.6,20.0,Male,West,False,5
2025-08-14,Sports,108.81,14,18.3,37.0,Female,East,False,5
2025-08-15,Sports,59.3,4,24.0,49.0,Male,North,False,4
2025-08-16,Home,91.19200000000001,15,5.5,24.0,Female,North,True,3
2025-08-17,Electronics,118.71600000000001,3,22.2,35.0,Female,East,True,5
2025-08-18,Books,51.55,5,,51.0,Female,South,False,4
2025-08-19,Clothing,134.94,1,22.9,15.0,Other,West,False,2
2025-08-20,Clothing,77.96,3,15.9,38.0,Female,South,False,4
2025-08-21,Sports,75.69,15,15.7,29.0,Male,West,False,4
2025-08-22,Home,106.02,8,10.1,36.0,Other,North,False,5
2025-08-23,Clothing,107.56800000000001,4,18.8,44.0,Male,North,True,4
2025-08-24,Electronics,83.436,2,13.3,38.0,Other,North,True,3
2025-08-25,Sports,101.85,10,,23.0,Other,West,False,5
2025-08-26,Books,112.86,4,10.7,,Other,North,False,5
2025-08-27,Sports,120.79,3,,52.0,Other,North,False,4
2025-08-28,Books,105.29,2,20.6,39.0,Male,North,False,3
2025-08-29,Sports,88.99,17,3.7,45.0,Female,North,False,4
2025-08-30,Sports,60.136,13,20.8,38.0,Male,South,True,4
2025-08-31,Sports,82.06400000000001,5,13.5,45.0,Female,North,True,2
2025-09-01,Books,67.84,9,21.1,30.0,Male,North,False,3
2025-09-02,Books,12.36,6,10.8,26.0,Other,South,False,4
2025-09-03,Sports,113.1,5,9.5,44.0,Other,South,False,4
2025-09-04,Clothing,127.12,10,22.9,49.0,Female,West,False,4
2025-09-05,Home,29.11,8,6.3,,Female,East,False,3
2025-09-06,Home,55.768,7,21.1,28.0,Male,North,True,4
2025-09-07,Home,94.856,7,12.1,33.0,Female,North,True,5
2025-09-08,Books,161.72,6,12.9,54.0,Male,North,False,3
2025-09-09,Books,100.62,3,,42.0,Female,West,False,1
2025-09-10,Clothing,78.16,19,14.3,19.0,Female,North,False,4
2025-09-11,Home,94.51,15,8.1,34.0,Female,East,False,5
2025-09-12,Home,141.25,4,1.0,32.0,Other,South,False,4
2025-09-13,Sports,64.49600000000001,12,6.8,21.0,Other,West,True,2
2025-09-14,Books,60.816,6,0.2,34.0,Male,South,True,3
2025-09-15,Home,85.52,19,24.5,32.0,Female,North,False,5
2025-09-16,Clothing,71.4,4,24.1,31.0,Male,North,False,3
2025-09-17,Clothing,103.68,15,9.9,30.0,Female,North,False,4
2025-09-18,Home,148.74,9,18.2,53.0,Other,East,False,4
2025-09-19,Books,109.69,5,8.6,31.0,Other,East,False,3
2025-09-20,Clothing,73.944,13,16.8,36.0,Female,West,True,5
2025-09-21,Sports,73.0,18,20.1,34.0,Female,South,True,4
2025-09-22,Clothing,53.1,5,23.7,29.0,Other,North,False,4
2025-09-23,Electronics,189.73499999999999,16,10.0,36.0,Other,North,False,3
2025-09-24,Electronics,146.49,19,,36.0,Male,North,False,2
2025-09-25,Books,94.59,14,6.6,36.0,Other,North,False,4
2025-09-26,Home,195.79,16,24.8,25.0,Female,East,False,4
