date,website_visits,revenue,temperature,sales_volume,customer_count,day_of_week,month,quarter,is_holiday
2022-01-01,70.69999999999999,1327.21,20.25150234507084,86,48.800000000000004,Saturday,1,1,0
2022-01-02,72.8,1397.59,20.22962758245123,84,45.6,Sunday,1,1,0
2022-01-03,107.0,1383.95,,88,62.0,Monday,1,1,1
2022-01-04,107.0,1233.86,,89,63.0,Tuesday,1,1,0
2022-01-05,98.0,1277.25,18.880801950764422,80,58.0,Wednesday,1,1,1
2022-01-06,95.0,1305.05,21.948271471166674,84,57.0,Thursday,1,1,0
2022-01-07,102.0,1260.14,26.811319559507385,76,66.0,Friday,1,1,0
2022-01-08,72.8,1294.46,18.190681531921726,84,52.0,Saturday,1,1,0
2022-01-09,72.8,1241.73,21.025296886830688,74,48.0,Sunday,1,1,0
2022-01-10,108.0,1369.24,20.96005047054207,76,64.0,Monday,1,1,0
2022-01-11,103.0,1348.02,21.70113612717791,82,61.0,Tuesday,1,1,0
2022-01-12,99.0,1267.59,24.861340423370912,82,58.0,Wednesday,1,1,0
2022-01-13,98.0,1384.97,24.160144828180478,87,60.0,Thursday,1,1,0
2022-01-14,93.0,1163.22,25.024115368560075,86,50.0,Friday,1,1,0
2022-01-15,68.6,1138.4,23.638679637418342,85,48.800000000000004,Saturday,1,1,0
2022-01-16,73.5,1323.37,21.183537556960875,88,54.400000000000006,Sunday,1,1,0
2022-01-17,105.0,1191.59,21.847280354547074,85,62.0,Monday,1,1,0
2022-01-18,106.0,1304.11,25.81687902557595,78,63.0,Tuesday,1,1,1
2022-01-19,99.0,1314.31,24.912452293464046,78,60.0,Wednesday,1,1,0
2022-01-20,95.0,1199.01,27.336279624936743,82,60.0,Thursday,1,1,0
2022-01-21,104.0,1314.09,25.646040243536355,88,62.0,Friday,1,1,0
2022-01-22,72.1,1383.95,22.935640082447065,76,52.0,Saturday,1,1,0
2022-01-23,75.6,1341.6,24.498451623344437,90,53.6,Sunday,1,1,0
2022-01-24,105.0,1376.66,26.910828691180743,87,70.0,Monday,1,1,0
2022-01-25,105.0,1321.55,27.439099774189767,86,62.0,Tuesday,1,1,0
2022-01-26,103.0,1306.73,27.964105484240303,82,56.0,Wednesday,1,1,0
2022-01-27,97.0,1148.02,24.390442805599296,81,54.0,Thursday,1,1,0
2022-01-28,102.0,1256.37,24.317113758964517,85,61.0,Friday,1,1,0
2022-01-29,72.8,1225.11,26.569263799017534,80,52.0,Saturday,1,1,1
2022-01-30,76.3,1352.91,30.056654336887426,89,50.400000000000006,Sunday,1,1,0
2022-01-31,109.0,1379.86,26.014285483542523,86,65.0,Monday,1,1,0
2022-02-01,114.0,1365.25,28.535290350264628,83,70.0,Tuesday,2,1,0
2022-02-02,104.0,1401.2,28.75653682811492,80,59.0,Wednesday,2,1,0
2022-02-03,98.0,1241.83,29.586706150450436,71,57.0,Thursday,2,1,0
2022-02-04,105.0,1315.54,31.610400649085236,89,60.0,Friday,2,1,0
2022-02-05,72.1,1325.5,31.619241845753997,84,52.0,Saturday,2,1,1
2022-02-06,77.69999999999999,1350.15,27.517612249457457,87,56.800000000000004,Sunday,2,1,0
2022-02-07,106.0,1332.6,24.719851466157397,92,59.0,Monday,2,1,0
2022-02-08,105.0,1280.51,27.76476382767364,85,63.0,Tuesday,2,1,0
2022-02-09,106.0,1399.28,29.47664794209269,77,68.0,Wednesday,2,1,0
2022-02-10,105.0,1256.93,28.802734146929843,82,64.0,Thursday,2,1,0
2022-02-11,104.0,1305.81,33.65972503249195,92,61.0,Friday,2,1,0
2022-02-12,74.89999999999999,1359.19,29.956512733117478,83,48.0,Saturday,2,1,0
2022-02-13,77.69999999999999,1406.32,31.41846568533163,90,56.0,Sunday,2,1,0
2022-02-14,109.0,1327.35,30.734568324472015,91,66.0,Monday,2,1,0
2022-02-15,108.0,1308.17,29.7929231415017,90,61.0,Tuesday,2,1,0
2022-02-16,105.0,1281.95,26.8195129236819,96,66.0,Wednesday,2,1,0
2022-02-17,107.0,1361.65,30.69169060457311,80,59.0,Thursday,2,1,0
2022-02-18,106.0,1315.17,37.53479969830237,79,63.0,Friday,2,1,0
2022-02-19,72.8,1333.82,28.709904918310528,77,48.800000000000004,Saturday,2,1,0
2022-02-20,79.8,1446.75,27.73907832371176,90,58.400000000000006,Sunday,2,1,0
2022-02-21,113.0,1296.27,35.40824149402159,96,67.0,Monday,2,1,0
2022-02-22,109.0,1379.43,33.182853775989436,82,65.0,Tuesday,2,1,0
2022-02-23,109.0,1475.34,32.2332907147201,93,61.0,Wednesday,2,1,0
2022-02-24,108.0,1412.63,34.74005268940847,86,63.0,Thursday,2,1,0
2022-02-25,109.0,1377.42,30.504399745266237,81,63.0,Friday,2,1,0
2022-02-26,74.89999999999999,1287.4,32.10331224536403,77,49.6,Saturday,2,1,0
2022-02-27,79.1,1434.54,34.37226348598351,83,54.400000000000006,Sunday,2,1,0
2022-02-28,116.0,1485.26,36.824429779758496,89,62.0,Monday,2,1,0
2022-03-01,115.0,1427.43,30.40466856290899,91,65.0,Tuesday,3,1,1
2022-03-02,107.0,1348.63,35.437491766499164,92,64.0,Wednesday,3,1,0
2022-03-03,105.0,1386.89,33.77015640590009,88,63.0,Thursday,3,1,0
2022-03-04,130.0,1576.79,33.45920702773829,99,77.0,Friday,3,1,0
2022-03-05,74.89999999999999,1284.3,33.24034676592049,88,51.2,Saturday,3,1,0
2022-03-06,81.89999999999999,1497.37,30.605309680564105,102,55.2,Sunday,3,1,0
2022-03-07,120.0,1519.37,35.415620869721444,105,72.0,Monday,3,1,0
2022-03-08,113.0,1461.83,32.03575304081432,89,69.0,Tuesday,3,1,0
2022-03-09,74.0,956.73,31.547733339695228,64,46.0,Wednesday,3,1,0
2022-03-10,107.0,1312.64,35.580800169954315,93,62.0,Thursday,3,1,0
2022-03-11,105.0,1338.12,35.48683124356266,77,66.0,Friday,3,1,0
2022-03-12,78.39999999999999,1347.14,34.16112853399095,87,54.400000000000006,Saturday,3,1,0
2022-03-13,84.0,1485.82,36.25263703091922,107,60.800000000000004,Sunday,3,1,0
2022-03-14,116.0,1477.59,37.03167386665521,91,74.0,Monday,3,1,0
2022-03-15,118.0,1461.65,36.87830374258983,80,67.0,Tuesday,3,1,0
2022-03-16,102.0,1392.92,33.28313221085719,81,58.0,Wednesday,3,1,0
2022-03-17,109.0,1271.11,36.44149124592189,93,68.0,Thursday,3,1,0
2022-03-18,108.0,1323.78,34.90588944223234,87,60.0,Friday,3,1,0
2022-03-19,77.69999999999999,1339.53,37.999463495214165,92,56.800000000000004,Saturday,3,1,0
2022-03-20,81.19999999999999,1415.77,34.36092686619054,98,55.2,Sunday,3,1,0
2022-03-21,111.0,1353.55,33.9518529924883,87,68.0,Monday,3,1,0
2022-03-22,114.0,1352.63,33.489275692889926,88,68.0,Tuesday,3,1,0
2022-03-23,111.0,,35.1431634559566,90,62.0,Wednesday,3,1,0
2022-03-24,112.0,1368.65,35.741387744549336,90,70.0,Thursday,3,1,0
2022-03-25,107.0,1342.07,35.81882861036062,86,72.0,Friday,3,1,0
2022-03-26,77.0,1350.76,35.57982292250024,88,51.2,Saturday,3,1,0
2022-03-27,80.5,1398.92,36.253721995893244,88,54.400000000000006,Sunday,3,1,0
2022-03-28,120.0,1582.85,34.49232183082209,100,64.0,Monday,3,1,0
2022-03-29,116.0,,33.21371218497643,95,73.0,Tuesday,3,1,0
2022-03-30,109.0,1264.58,33.05599760317983,80,68.0,Wednesday,3,1,0
2022-03-31,109.0,1265.03,36.93823503162656,85,60.0,Thursday,3,1,1
2022-04-01,109.0,1412.74,35.936821476445175,88,59.0,Friday,4,2,0
2022-04-02,80.5,1416.54,31.28810771786013,90,50.400000000000006,Saturday,4,2,0
2022-04-03,79.8,1346.62,37.192457840542964,95,56.800000000000004,Sunday,4,2,0
2022-04-04,116.0,1507.77,38.754550576023746,93,72.0,Monday,4,2,0
2022-04-05,114.0,1427.97,33.5521390067558,92,65.0,Tuesday,4,2,0
2022-04-06,106.0,1337.91,35.642151227286064,83,65.0,Wednesday,4,2,0
2022-04-07,109.0,1398.16,34.00434356005617,77,66.0,Thursday,4,2,0
2022-04-08,109.0,1303.09,36.18487789254828,77,65.0,Friday,4,2,0
2022-04-09,79.1,1326.4,32.568833044237955,93,56.0,Saturday,4,2,0
2022-04-10,81.19999999999999,1526.97,34.72613688748332,94,52.800000000000004,Sunday,4,2,0
2022-04-11,113.0,1343.9,36.795433852306395,93,71.0,Monday,4,2,0
2022-04-12,114.0,1358.14,37.2636172037216,92,66.0,Tuesday,4,2,0
2022-04-13,109.0,1316.78,35.60019624367163,89,71.0,Wednesday,4,2,0
2022-04-14,105.0,1420.78,34.01976094501852,89,60.0,Thursday,4,2,0
2022-04-15,108.0,1377.46,31.458946997616767,89,64.0,Friday,4,2,0
2022-04-16,79.8,1470.98,33.07101391935139,96,54.400000000000006,Saturday,4,2,0
2022-04-17,85.39999999999999,1536.79,33.58521444224051,99,58.400000000000006,Sunday,4,2,0
2022-04-18,118.0,1444.56,33.06164378044773,93,72.0,Monday,4,2,0
2022-04-19,142.0,1807.36,34.50528928713892,115,81.0,Tuesday,4,2,1
2022-04-20,110.0,1298.9,33.62722277852502,84,66.0,Wednesday,4,2,0
2022-04-21,102.0,1218.67,34.575821041270096,80,62.0,Thursday,4,2,0
2022-04-22,108.0,1392.76,36.55320159144412,88,64.0,Friday,4,2,0
2022-04-23,79.1,1339.97,33.247204634506936,91,55.2,Saturday,4,2,0
2022-04-24,86.8,1536.93,31.20241659167447,98,56.0,Sunday,4,2,0
2022-04-25,117.0,1451.24,32.46862341867788,86,69.0,Monday,4,2,0
2022-04-26,115.0,1416.2,34.93899866421309,96,67.0,Tuesday,4,2,0
2022-04-27,110.0,1277.7,35.0234170998953,92,65.0,Wednesday,4,2,0
2022-04-28,75.0,907.37,34.37136328786848,68,49.0,Thursday,4,2,0
2022-04-29,112.0,1355.27,36.0483184861344,92,71.0,Friday,4,2,0
2022-04-30,79.8,1438.17,32.957789577685396,92,57.6,Saturday,4,2,0
2022-05-01,82.6,1485.29,37.31457514247086,90,56.0,Sunday,5,2,0
2022-05-02,114.0,1446.27,34.722435124286235,99,71.0,Monday,5,2,0
2022-05-03,118.0,1445.74,27.911031541340268,96,71.0,Tuesday,5,2,0
2022-05-04,106.0,1345.52,36.42743488877253,85,63.0,Wednesday,5,2,0
2022-05-05,109.0,,31.15646010110456,86,65.0,Thursday,5,2,1
2022-05-06,114.0,1339.64,30.482791331603522,90,74.0,Friday,5,2,0
2022-05-07,76.3,1242.68,33.45538227835953,90,55.2,Saturday,5,2,0
2022-05-08,79.8,1398.39,28.784653782700698,86,56.800000000000004,Sunday,5,2,0
2022-05-09,117.0,1421.82,30.719622701892014,102,70.0,Monday,5,2,0
2022-05-10,112.0,1441.58,35.070720973056325,97,67.0,Tuesday,5,2,0
2022-05-11,105.0,1275.21,32.91138364929404,82,64.0,Wednesday,5,2,0
2022-05-12,107.0,1347.21,33.26236115398318,81,62.0,Thursday,5,2,0
2022-05-13,104.0,1342.84,30.159549655516887,73,65.0,Friday,5,2,0
2022-05-14,79.1,1373.27,28.228724967957504,84,52.0,Saturday,5,2,0
2022-05-15,78.39999999999999,1418.03,32.5478484649322,93,55.2,Sunday,5,2,0
2022-05-16,121.0,1556.78,32.820179766261276,98,65.0,Monday,5,2,0
2022-05-17,111.0,1322.33,32.551864931488566,91,65.0,Tuesday,5,2,0
2022-05-18,108.0,1347.37,31.019036793899968,77,71.0,Wednesday,5,2,0
2022-05-19,108.0,1319.6,28.482645044689004,85,68.0,Thursday,5,2,0
2022-05-20,103.0,1229.17,35.10512141247641,89,66.0,Friday,5,2,0
2022-05-21,77.69999999999999,1313.38,30.998930729087203,88,52.0,Saturday,5,2,1
2022-05-22,82.6,1418.76,29.49838535979074,88,56.800000000000004,Sunday,5,2,0
2022-05-23,110.0,1382.77,29.31114933110064,88,70.0,Monday,5,2,0
2022-05-24,113.0,1331.3,29.750276320912636,87,70.0,Tuesday,5,2,0
2022-05-25,109.0,1331.55,31.388534720750535,89,67.0,Wednesday,5,2,0
2022-05-26,107.0,1384.14,29.424074252652975,86,69.0,Thursday,5,2,0
2022-05-27,102.0,1300.92,30.554667615379437,85,58.0,Friday,5,2,0
2022-05-28,74.19999999999999,1296.27,28.930644786466075,79,50.400000000000006,Saturday,5,2,0
2022-05-29,80.5,1523.81,28.190796610484753,90,51.2,Sunday,5,2,0
2022-05-30,115.0,1536.16,29.483169879685686,98,66.0,Monday,5,2,0
2022-05-31,112.0,1405.79,29.189979150059187,83,71.0,Tuesday,5,2,0
2022-06-01,108.0,1228.93,27.424514415607522,82,62.0,Wednesday,6,2,0
2022-06-02,102.0,1322.86,26.043446881261048,83,64.0,Thursday,6,2,0
2022-06-03,106.0,1208.6,28.001165011115546,86,68.0,Friday,6,2,0
2022-06-04,77.0,1446.7,27.24808547721935,85,52.0,Saturday,6,2,0
2022-06-05,77.69999999999999,1436.6,25.753227215572252,87,54.400000000000006,Sunday,6,2,1
2022-06-06,119.0,1578.38,24.947721314432485,98,74.0,Monday,6,2,0
2022-06-07,112.0,1415.07,27.221062935637782,94,64.0,Tuesday,6,2,0
2022-06-08,103.0,1265.7,27.26599643436092,77,60.0,Wednesday,6,2,0
2022-06-09,105.0,1295.12,25.209612602164007,86,60.0,Thursday,6,2,0
2022-06-10,101.0,1239.57,24.531918584042316,89,59.0,Friday,6,2,0
2022-06-11,77.0,1429.22,23.791713809169213,88,54.400000000000006,Saturday,6,2,0
2022-06-12,80.5,1476.91,25.975552196054,87,53.6,Sunday,6,2,0
2022-06-13,110.0,1383.47,23.360364269743826,83,66.0,Monday,6,2,0
2022-06-14,113.0,1372.74,29.20639344897574,89,64.0,Tuesday,6,2,0
2022-06-15,107.0,1463.73,23.65796938851381,90,68.0,Wednesday,6,2,0
2022-06-16,105.0,1357.7,19.38118638448359,84,61.0,Thursday,6,2,0
2022-06-17,109.0,1282.85,23.92310208380257,88,70.0,Friday,6,2,0
2022-06-18,74.19999999999999,1303.72,23.588030168668894,80,51.2,Saturday,6,2,0
2022-06-19,76.3,1404.17,25.70708099518443,92,48.800000000000004,Sunday,6,2,0
2022-06-20,109.0,1322.83,23.80841219915636,81,65.0,Monday,6,2,0
2022-06-21,106.0,1347.58,21.31204877632296,83,61.0,Tuesday,6,2,0
2022-06-22,104.0,1349.24,22.153613066877075,86,64.0,Wednesday,6,2,0
2022-06-23,103.0,1112.37,23.127107243159944,72,61.0,Thursday,6,2,0
2022-06-24,103.0,1284.26,17.887978501437136,83,62.0,Friday,6,2,0
2022-06-25,76.3,1353.94,24.63913360663229,82,51.2,Saturday,6,2,0
2022-06-26,77.0,1353.32,20.043452947179915,88,51.2,Sunday,6,2,0
2022-06-27,115.0,1453.3,24.28327817011328,90,66.0,Monday,6,2,0
2022-06-28,107.0,1371.05,21.977089781107495,96,67.0,Tuesday,6,2,0
2022-06-29,112.0,1401.17,22.193963963102824,87,66.0,Wednesday,6,2,0
2022-06-30,102.0,1261.21,22.975962138612125,91,60.0,Thursday,6,2,0
2022-07-01,99.0,1266.19,21.56551857898815,82,59.0,Friday,7,3,0
2022-07-02,71.39999999999999,1276.05,21.50704204908773,78,47.2,Saturday,7,3,0
2022-07-03,77.0,1367.37,19.574404156105658,90,52.0,Sunday,7,3,0
2022-07-04,109.0,1297.08,20.389570454265716,86,66.0,Monday,7,3,0
2022-07-05,109.0,1284.1,18.212338496907073,88,62.0,Tuesday,7,3,0
2022-07-06,104.0,1230.6,18.44279426089236,79,60.0,Wednesday,7,3,0
2022-07-07,99.0,1254.98,22.801546449716437,88,64.0,Thursday,7,3,1
2022-07-08,98.0,1218.36,16.998642824468288,83,58.0,Friday,7,3,0
2022-07-09,70.0,1170.31,18.66694772353883,80,46.400000000000006,Saturday,7,3,0
2022-07-10,74.89999999999999,1363.76,18.329020820850705,94,48.0,Sunday,7,3,0
2022-07-11,111.0,1459.32,17.224904705261235,89,69.0,Monday,7,3,0
2022-07-12,106.0,1300.99,18.620183704215968,91,61.0,Tuesday,7,3,0
2022-07-13,98.0,1133.11,18.51650694767724,78,59.0,Wednesday,7,3,0
2022-07-14,99.0,1202.33,15.231893332989912,81,54.0,Thursday,7,3,0
2022-07-15,100.0,1298.77,17.033577089360413,80,63.0,Friday,7,3,0
2022-07-16,70.0,1282.99,14.414398754132488,81,51.2,Saturday,7,3,0
2022-07-17,74.89999999999999,1295.47,17.90551272317571,87,52.800000000000004,Sunday,7,3,0
2022-07-18,108.0,1424.4,16.431758643057908,83,60.0,Monday,7,3,0
2022-07-19,101.0,1335.17,15.994972682452472,79,63.0,Tuesday,7,3,0
2022-07-20,101.0,1231.43,16.90113837094279,80,58.0,Wednesday,7,3,0
2022-07-21,99.0,1203.0,14.786124895410643,81,56.0,Thursday,7,3,0
2022-07-22,102.0,1240.49,16.920639011604983,81,60.0,Friday,7,3,0
2022-07-23,73.5,1290.85,12.952607144541908,90,49.6,Saturday,7,3,0
2022-07-24,71.39999999999999,1319.75,17.431675841462706,86,48.0,Sunday,7,3,0
2022-07-25,104.0,1320.4,13.26612195457599,82,66.0,Monday,7,3,0
2022-07-26,105.0,1362.01,10.737274316193437,91,69.0,Tuesday,7,3,0
2022-07-27,101.0,1295.92,13.235987902760762,90,56.0,Wednesday,7,3,0
2022-07-28,98.0,1312.59,12.774353735751424,68,57.0,Thursday,7,3,0
2022-07-29,109.0,1309.53,12.75325118251214,92,66.0,Friday,7,3,0
2022-07-30,72.1,1305.73,13.657749740497803,79,48.800000000000004,Saturday,7,3,0
2022-07-31,75.6,1246.5,15.161206856662066,91,52.800000000000004,Sunday,7,3,0
2022-08-01,109.0,1293.05,12.355260347621089,93,68.0,Monday,8,3,0
2022-08-02,105.0,1308.46,11.130735820034221,80,65.0,Tuesday,8,3,0
2022-08-03,98.0,1241.12,10.038391355792752,69,60.0,Wednesday,8,3,0
2022-08-04,98.0,1220.1,11.134914492042972,83,64.0,Thursday,8,3,0
2022-08-05,94.0,1149.98,8.077771726247818,76,52.0,Friday,8,3,0
2022-08-06,70.0,1226.38,10.18770725147544,71,51.2,Saturday,8,3,0
2022-08-07,72.1,,13.913107722183794,95,48.0,Sunday,8,3,0
2022-08-08,105.0,1296.69,9.567845493732893,87,66.0,Monday,8,3,0
2022-08-09,109.0,1451.88,12.264159348805876,91,62.0,Tuesday,8,3,0
2022-08-10,92.0,1191.7,8.348588425886767,81,53.0,Wednesday,8,3,0
2022-08-11,97.0,1235.47,14.141291350996156,75,60.0,Thursday,8,3,0
2022-08-12,91.0,1077.45,14.074641843064168,73,49.0,Friday,8,3,0
2022-08-13,68.6,1274.24,11.384641278215803,72,49.6,Saturday,8,3,0
2022-08-14,74.89999999999999,1308.91,13.991172365372389,82,54.400000000000006,Sunday,8,3,0
2022-08-15,104.0,1246.27,10.529278705061792,86,63.0,Monday,8,3,0
2022-08-16,98.0,1253.77,11.166765685158005,70,59.0,Tuesday,8,3,0
2022-08-17,95.0,1116.89,11.968706641277878,73,54.0,Wednesday,8,3,0
2022-08-18,96.0,1165.5,9.622506666956935,72,60.0,Thursday,8,3,0
2022-08-19,93.0,1161.15,5.979722940933522,75,57.0,Friday,8,3,0
2022-08-20,70.0,1355.83,10.487042756529934,83,45.6,Saturday,8,3,0
2022-08-21,72.1,1251.93,7.793317010148838,86,48.800000000000004,Sunday,8,3,0
2022-08-22,102.0,1248.23,7.77322960225185,86,61.0,Monday,8,3,0
2022-08-23,107.0,1377.74,8.998714949398341,93,63.0,Tuesday,8,3,0
2022-08-24,98.0,1167.34,9.37355450919094,82,55.0,Wednesday,8,3,0
2022-08-25,88.0,1116.89,8.382809330513448,80,55.0,Thursday,8,3,0
2022-08-26,95.0,1249.1,9.19907301568944,77,56.0,Friday,8,3,0
2022-08-27,67.19999999999999,1189.58,6.36254596938842,76,46.400000000000006,Saturday,8,3,0
2022-08-28,73.5,1361.0,7.543116143453012,87,48.800000000000004,Sunday,8,3,0
2022-08-29,101.0,1273.79,9.182619048057434,80,62.0,Monday,8,3,0
2022-08-30,100.0,1213.46,10.889658467434364,89,61.0,Tuesday,8,3,0
2022-08-31,97.0,1208.31,11.460320351404526,84,62.0,Wednesday,8,3,0
2022-09-01,96.0,1178.17,7.9405611194126795,80,59.0,Thursday,9,3,0
2022-09-02,90.0,1126.63,8.625610819462704,73,54.0,Friday,9,3,0
2022-09-03,67.89999999999999,1219.28,10.78359591721538,76,44.800000000000004,Saturday,9,3,0
2022-09-04,70.0,1283.99,5.357511980288115,84,50.400000000000006,Sunday,9,3,0
2022-09-05,101.0,1284.75,7.841266150778423,75,60.0,Monday,9,3,0
2022-09-06,105.0,1194.02,8.005205377519538,92,63.0,Tuesday,9,3,0
2022-09-07,97.0,1204.92,9.254899566681601,77,58.0,Wednesday,9,3,0
2022-09-08,89.0,1037.5,3.9795876885123684,73,52.0,Thursday,9,3,0
2022-09-09,96.0,1192.45,4.273820337928409,73,57.0,Friday,9,3,0
2022-09-10,72.8,1293.61,6.098255442685368,87,54.400000000000006,Saturday,9,3,0
2022-09-11,73.5,1356.17,6.717931864618358,81,48.0,Sunday,9,3,0
2022-09-12,98.0,1221.84,8.119343895975689,82,56.0,Monday,9,3,0
2022-09-13,98.0,1240.94,6.824023212966274,82,63.0,Tuesday,9,3,0
2022-09-14,99.0,1278.74,5.4056341565266655,76,58.0,Wednesday,9,3,0
2022-09-15,90.0,1192.32,6.465137558097278,67,53.0,Thursday,9,3,0
2022-09-16,95.0,1179.77,6.162309331806672,84,60.0,Friday,9,3,0
2022-09-17,70.0,1251.68,8.982531913009607,79,44.800000000000004,Saturday,9,3,0
2022-09-18,69.3,1232.34,5.760388616880814,80,49.6,Sunday,9,3,0
2022-09-19,102.0,1249.16,4.603787351743117,84,61.0,Monday,9,3,0
2022-09-20,90.0,1084.59,6.21438495402968,66,55.0,Tuesday,9,3,0
2022-09-21,92.0,1038.27,5.661695725973209,76,57.0,Wednesday,9,3,0
2022-09-22,92.0,1093.12,2.07665697427137,74,53.0,Thursday,9,3,0
2022-09-23,90.0,1032.76,5.145632201843529,69,57.0,Friday,9,3,0
2022-09-24,71.39999999999999,1341.36,4.938138856764576,76,48.0,Saturday,9,3,0
2022-09-25,67.89999999999999,1222.11,4.018948065405924,81,47.2,Sunday,9,3,0
2022-09-26,101.0,1255.69,7.14934199110604,86,64.0,Monday,9,3,0
2022-09-27,100.0,1213.85,3.482715449495161,81,64.0,Tuesday,9,3,1
2022-09-28,100.0,1246.3,5.945633848397325,72,59.0,Wednesday,9,3,0
2022-09-29,88.0,1060.92,4.7234331391065805,65,54.0,Thursday,9,3,0
2022-09-30,97.0,1221.8,5.223720754913777,75,57.0,Friday,9,3,0
2022-10-01,68.6,1231.31,5.8255232066638465,86,52.800000000000004,Saturday,10,4,0
2022-10-02,68.6,1187.95,2.384859901847611,78,48.800000000000004,Sunday,10,4,0
2022-10-03,104.0,1253.57,5.385827236917991,81,63.0,Monday,10,4,0
2022-10-04,100.0,1302.42,9.58733521661646,72,61.0,Tuesday,10,4,0
2022-10-05,94.0,1167.9,1.9072842769829506,72,57.0,Wednesday,10,4,0
2022-10-06,93.0,1123.27,4.921398355886071,68,57.0,Thursday,10,4,0
2022-10-07,93.0,1139.31,7.303324154112696,69,55.0,Friday,10,4,0
2022-10-08,68.6,1175.43,5.684737141347689,79,46.400000000000006,Saturday,10,4,0
2022-10-09,72.8,1292.62,6.486500315214425,81,49.6,Sunday,10,4,0
2022-10-10,107.0,1384.9,0.39270817728593155,94,61.0,Monday,10,4,0
2022-10-11,96.0,1202.88,6.378408854734257,82,60.0,Tuesday,10,4,0
2022-10-12,102.0,1395.31,3.700788510210282,79,59.0,Wednesday,10,4,0
2022-10-13,87.0,1111.92,5.890546716366604,65,49.0,Thursday,10,4,0
2022-10-14,94.0,1182.7,5.262908519477972,82,56.0,Friday,10,4,0
2022-10-15,70.0,1203.21,9.933773395762078,88,48.0,Saturday,10,4,0
2022-10-16,72.1,1274.88,6.530154490310998,71,50.400000000000006,Sunday,10,4,0
2022-10-17,101.0,1226.91,5.27548218547297,81,59.0,Monday,10,4,0
2022-10-18,100.0,1140.22,2.5496008940207133,79,59.0,Tuesday,10,4,0
2022-10-19,95.0,1233.25,5.883807153850112,79,59.0,Wednesday,10,4,0
2022-10-20,92.0,1122.52,7.364746951671992,83,57.0,Thursday,10,4,0
2022-10-21,97.0,1177.12,5.638187444165761,75,60.0,Friday,10,4,0
2022-10-22,70.0,1257.11,4.873182758948323,69,48.0,Saturday,10,4,0
2022-10-23,70.69999999999999,1282.79,4.828703407034002,83,48.800000000000004,Sunday,10,4,0
2022-10-24,106.0,1314.03,7.137691417073538,92,65.0,Monday,10,4,0
2022-10-25,102.0,1275.07,7.683839114182497,80,59.0,Tuesday,10,4,0
2022-10-26,99.0,1278.43,8.989232135979035,76,64.0,Wednesday,10,4,0
2022-10-27,96.0,1183.64,4.382624659991661,75,62.0,Thursday,10,4,0
2022-10-28,93.0,1175.4,7.534424663992881,79,58.0,Friday,10,4,0
2022-10-29,68.6,1137.56,6.352906793804338,76,45.6,Saturday,10,4,0
2022-10-30,74.19999999999999,1257.67,6.529657814979984,86,52.0,Sunday,10,4,0
2022-10-31,106.0,1358.31,7.639520957720415,85,67.0,Monday,10,4,0
2022-11-01,102.0,1207.25,7.776820260387708,81,57.0,Tuesday,11,4,0
2022-11-02,98.0,1236.01,8.148540767831374,82,64.0,Wednesday,11,4,0
2022-11-03,99.0,1228.1,5.1093789544045976,77,54.0,Thursday,11,4,0
2022-11-04,94.0,1160.69,5.861795835868036,73,59.0,Friday,11,4,0
2022-11-05,71.39999999999999,1230.57,10.473992472197692,85,52.0,Saturday,11,4,1
2022-11-06,72.8,1339.77,7.20564654070431,78,49.6,Sunday,11,4,0
2022-11-07,105.0,1393.87,8.407011339351806,79,62.0,Monday,11,4,0
2022-11-08,106.0,1339.54,10.056117896077698,78,66.0,Tuesday,11,4,0
2022-11-09,101.0,1277.81,9.029040885543873,85,66.0,Wednesday,11,4,0
2022-11-10,98.0,1194.97,9.354090235427329,78,58.0,Thursday,11,4,0
2022-11-11,101.0,1201.5,10.21256431028576,74,58.0,Friday,11,4,0
2022-11-12,70.69999999999999,1261.74,4.355871107859843,85,47.2,Saturday,11,4,0
2022-11-13,74.89999999999999,1290.44,7.778464636896,83,48.0,Sunday,11,4,0
2022-11-14,105.0,1227.14,9.868069438452105,80,66.0,Monday,11,4,1
2022-11-15,105.0,1347.72,11.881914895053,83,61.0,Tuesday,11,4,0
2022-11-16,99.0,1280.72,9.417809360274997,87,59.0,Wednesday,11,4,0
2022-11-17,97.0,1171.73,7.778347835417341,76,61.0,Thursday,11,4,0
2022-11-18,100.0,1259.51,8.016887830795165,83,59.0,Friday,11,4,0
2022-11-19,70.0,1295.18,11.609123334041913,83,49.6,Saturday,11,4,0
2022-11-20,78.39999999999999,1415.29,9.597200852373398,92,51.2,Sunday,11,4,0
2022-11-21,104.0,1243.22,10.212644485817295,90,65.0,Monday,11,4,0
2022-11-22,101.0,1251.6,11.654293499924675,77,62.0,Tuesday,11,4,0
2022-11-23,104.0,1366.32,4.821207905456276,78,62.0,Wednesday,11,4,0
2022-11-24,100.0,1266.8,14.827786886029582,75,61.0,Thursday,11,4,0
2022-11-25,101.0,1289.25,9.57041520801355,80,57.0,Friday,11,4,0
2022-11-26,73.5,1330.48,11.724600241081646,79,50.400000000000006,Saturday,11,4,0
2022-11-27,74.89999999999999,1297.56,8.042090108816021,87,51.2,Sunday,11,4,0
2022-11-28,106.0,1290.3,10.81968819204919,85,60.0,Monday,11,4,0
2022-11-29,106.0,1343.1,14.369899311175935,90,62.0,Tuesday,11,4,0
2022-11-30,100.0,1286.69,8.266344348509929,81,59.0,Wednesday,11,4,0
2022-12-01,102.0,1331.16,14.571572499706312,80,59.0,Thursday,12,4,0
2022-12-02,100.0,1205.45,11.994546630831165,82,53.0,Friday,12,4,0
2022-12-03,71.39999999999999,1295.65,13.741241161995093,76,51.2,Saturday,12,4,0
2022-12-04,75.6,1403.35,14.309074953808766,86,51.2,Sunday,12,4,0
2022-12-05,111.0,1336.5,14.106056151488591,90,60.0,Monday,12,4,0
2022-12-06,105.0,1392.02,11.724504235169462,85,70.0,Tuesday,12,4,0
2022-12-07,100.0,1337.99,12.958436577995117,82,64.0,Wednesday,12,4,0
2022-12-08,101.0,1395.76,10.999419809187025,78,60.0,Thursday,12,4,0
2022-12-09,102.0,1290.48,15.142920539998135,88,59.0,Friday,12,4,0
2022-12-10,72.8,1313.75,17.80196224683579,92,51.2,Saturday,12,4,0
2022-12-11,75.6,1395.84,10.989151993174154,79,52.800000000000004,Sunday,12,4,0
2022-12-12,112.0,1435.17,13.356510474048388,83,69.0,Monday,12,4,0
2022-12-13,104.0,1357.15,14.759535403235494,83,60.0,Tuesday,12,4,0
2022-12-14,100.0,1289.7,15.714495628433303,79,63.0,Wednesday,12,4,0
2022-12-15,100.0,1239.61,17.372262948602692,89,58.0,Thursday,12,4,0
2022-12-16,102.0,1339.43,15.55690586424026,83,63.0,Friday,12,4,0
2022-12-17,75.6,1295.71,15.478008557477615,93,49.6,Saturday,12,4,0
2022-12-18,81.19999999999999,1444.52,18.56595874340055,82,61.6,Sunday,12,4,0
2022-12-19,115.0,1513.75,17.934537010406327,96,71.0,Monday,12,4,0
2022-12-20,109.0,1303.52,17.94035336670685,84,74.0,Tuesday,12,4,0
2022-12-21,106.0,1285.65,17.340208844589807,81,66.0,Wednesday,12,4,0
2022-12-22,100.0,1284.88,19.335115514775538,79,58.0,Thursday,12,4,0
2022-12-23,104.0,1322.42,16.31060459312692,76,65.0,Friday,12,4,0
2022-12-24,75.6,1300.17,16.292950420308713,88,53.6,Saturday,12,4,0
2022-12-25,79.1,1397.38,19.62628440114165,92,55.2,Sunday,12,4,0
2022-12-26,111.0,1330.57,15.140306086660745,90,69.0,Monday,12,4,0
2022-12-27,113.0,1457.8,18.8315089552178,95,70.0,Tuesday,12,4,0
2022-12-28,112.0,1382.23,18.271205472309266,97,64.0,Wednesday,12,4,0
2022-12-29,104.0,1391.75,16.35030918511349,82,59.0,Thursday,12,4,0
2022-12-30,107.0,1339.9,17.557027987919568,88,62.0,Friday,12,4,0
2022-12-31,78.39999999999999,1387.03,19.459527224297098,91,53.6,Saturday,12,4,0
2023-01-01,79.1,1392.61,22.003417622453316,92,53.6,Sunday,1,1,0
2023-01-02,116.0,1434.25,18.887605916725672,95,67.0,Monday,1,1,0
2023-01-03,113.0,1412.75,22.878258222593864,98,70.0,Tuesday,1,1,1
2023-01-04,109.0,1484.28,20.835693796680015,85,66.0,Wednesday,1,1,0
2023-01-05,104.0,1277.74,23.58773476095037,75,63.0,Thursday,1,1,0
2023-01-06,107.0,1323.83,20.015326013487762,82,64.0,Friday,1,1,0
2023-01-07,79.1,1411.53,21.383671636475867,94,52.800000000000004,Saturday,1,1,0
2023-01-08,84.0,1549.85,22.474801263216168,96,55.2,Sunday,1,1,0
2023-01-09,119.0,1420.39,21.634842121858345,93,74.0,Monday,1,1,0
2023-01-10,120.0,1527.62,24.15535031627715,91,70.0,Tuesday,1,1,0
2023-01-11,107.0,1302.7,18.08894794139535,87,65.0,Wednesday,1,1,0
2023-01-12,110.0,1401.37,27.602918843349794,91,71.0,Thursday,1,1,0
2023-01-13,109.0,1337.7,24.72687318509268,89,64.0,Friday,1,1,0
2023-01-14,83.3,1373.74,22.916585419154192,94,59.2,Saturday,1,1,0
2023-01-15,79.8,1446.3,22.410365069922367,92,56.0,Sunday,1,1,0
2023-01-16,115.0,1459.19,22.032486386491133,93,70.0,Monday,1,1,0
2023-01-17,114.0,1389.8,25.30576352902097,92,69.0,Tuesday,1,1,0
2023-01-18,105.0,1277.84,26.252512924781232,78,63.0,Wednesday,1,1,0
2023-01-19,107.0,1272.7,24.18425298045106,87,64.0,Thursday,1,1,0
2023-01-20,108.0,1382.63,26.968707336214923,84,63.0,Friday,1,1,0
2023-01-21,79.8,1473.44,23.184220690212168,97,55.2,Saturday,1,1,0
2023-01-22,83.3,1443.78,23.073654149417294,96,56.0,Sunday,1,1,0
2023-01-23,125.0,1532.69,29.10894234769078,104,78.0,Monday,1,1,0
2023-01-24,119.0,1490.33,26.903838963168965,94,67.0,Tuesday,1,1,1
2023-01-25,111.0,1497.85,28.752986818686995,87,68.0,Wednesday,1,1,0
2023-01-26,107.0,1368.0,24.487316227343825,93,65.0,Thursday,1,1,0
2023-01-27,113.0,1360.08,24.582216831578435,92,68.0,Friday,1,1,0
2023-01-28,77.69999999999999,1405.62,25.94421842347318,85,56.0,Saturday,1,1,0
2023-01-29,87.5,1490.91,25.24351760018367,104,59.2,Sunday,1,1,0
2023-01-30,124.0,1585.51,28.530524578835923,97,75.0,Monday,1,1,0
2023-01-31,116.0,1539.98,25.843594058005543,94,65.0,Tuesday,1,1,0
2023-02-01,109.0,1441.51,25.22638471513771,96,64.0,Wednesday,2,1,0
2023-02-02,115.0,1477.66,28.075393511952228,85,72.0,Thursday,2,1,0
2023-02-03,112.0,1370.91,25.43072300239065,89,63.0,Friday,2,1,0
2023-02-04,84.0,1436.77,24.62872966405463,98,58.400000000000006,Saturday,2,1,0
2023-02-05,81.19999999999999,1376.59,28.708699471459784,96,53.6,Sunday,2,1,1
2023-02-06,120.0,1357.78,25.15577421608432,90,72.0,Monday,2,1,0
2023-02-07,119.0,1523.73,30.41424147181819,88,70.0,Tuesday,2,1,0
2023-02-08,115.0,1433.29,26.27986069753663,98,65.0,Wednesday,2,1,0
2023-02-09,111.0,1433.49,24.79334193280724,85,68.0,Thursday,2,1,0
2023-02-10,115.0,1513.75,28.88851303112953,88,69.0,Friday,2,1,0
2023-02-11,79.8,1434.81,29.963908031449137,99,56.0,Saturday,2,1,0
2023-02-12,84.69999999999999,1522.65,30.853418940654368,97,60.0,Sunday,2,1,0
2023-02-13,123.0,1516.01,30.407329169234078,99,78.0,Monday,2,1,0
2023-02-14,122.0,1504.81,28.13452359516539,97,73.0,Tuesday,2,1,0
2023-02-15,144.0,1837.81,31.866088193754287,109,90.0,Wednesday,2,1,0
2023-02-16,110.0,1367.65,32.543970485508225,91,63.0,Thursday,2,1,0
2023-02-17,110.0,1358.98,28.39275313446798,90,69.0,Friday,2,1,0
2023-02-18,85.39999999999999,1530.14,30.61965187338596,99,60.0,Saturday,2,1,0
2023-02-19,86.8,1590.58,30.606921204713075,98,60.0,Sunday,2,1,0
2023-02-20,122.0,1484.94,31.767400351661014,96,74.0,Monday,2,1,0
2023-02-21,126.0,1570.41,31.08427379551913,105,73.0,Tuesday,2,1,0
2023-02-22,117.0,1479.64,31.52244873246509,93,67.0,Wednesday,2,1,0
2023-02-23,118.0,1533.14,33.10246838443022,94,76.0,Thursday,2,1,0
2023-02-24,116.0,1435.19,29.748266787969378,95,69.0,Friday,2,1,0
2023-02-25,88.19999999999999,1536.5,33.60431103783634,102,60.0,Saturday,2,1,0
2023-02-26,90.3,1587.18,34.56183267715964,111,59.2,Sunday,2,1,0
2023-02-27,124.0,1602.52,35.694205926359444,90,70.0,Monday,2,1,0
2023-02-28,125.0,1665.02,28.281892982033,102,75.0,Tuesday,2,1,0
2023-03-01,120.0,1432.7,32.34179674787772,92,71.0,Wednesday,3,1,0
2023-03-02,119.0,1438.4,28.912610961897407,91,72.0,Thursday,3,1,0
2023-03-03,114.0,1410.72,28.104096384830864,89,68.0,Friday,3,1,0
2023-03-04,86.1,1536.89,33.389982231816326,98,64.8,Saturday,3,1,0
2023-03-05,89.6,1634.89,32.42718789086105,103,60.800000000000004,Sunday,3,1,0
2023-03-06,120.0,1458.75,33.944975084358056,89,77.0,Monday,3,1,1
2023-03-07,119.0,1439.23,34.43336118420698,93,77.0,Tuesday,3,1,0
2023-03-08,113.0,1414.23,36.06874698568821,91,70.0,Wednesday,3,1,0
2023-03-09,115.0,1428.2,33.78862872975102,88,68.0,Thursday,3,1,0
2023-03-10,119.0,1537.74,39.6312835582086,90,68.0,Friday,3,1,0
2023-03-11,88.19999999999999,1595.24,34.49709740124881,89,61.6,Saturday,3,1,0
2023-03-12,87.5,1595.09,37.66483256697538,97,62.400000000000006,Sunday,3,1,0
2023-03-13,131.0,1633.56,29.405658793582475,99,84.0,Monday,3,1,0
2023-03-14,119.0,1610.99,36.85810943628887,91,69.0,Tuesday,3,1,0
2023-03-15,114.0,1386.0,33.880215613634086,90,68.0,Wednesday,3,1,0
2023-03-16,117.0,1487.41,30.4239339314228,90,67.0,Thursday,3,1,0
2023-03-17,119.0,1422.91,35.23637282143052,89,69.0,Friday,3,1,0
2023-03-18,85.39999999999999,1466.88,33.85976588398254,87,60.0,Saturday,3,1,0
2023-03-19,84.0,1463.64,35.69189718728154,97,56.0,Sunday,3,1,1
2023-03-20,126.0,1662.59,36.61575714526218,105,73.0,Monday,3,1,1
2023-03-21,120.0,1515.75,31.67279905413138,94,75.0,Tuesday,3,1,0
2023-03-22,122.0,1493.61,36.73409681406669,96,74.0,Wednesday,3,1,0
2023-03-23,118.0,1497.43,34.766026152337375,95,72.0,Thursday,3,1,0
2023-03-24,115.0,1444.25,37.50319219808831,100,67.0,Friday,3,1,0
2023-03-25,84.69999999999999,1483.41,34.427277234278584,89,60.800000000000004,Saturday,3,1,0
2023-03-26,86.1,1467.23,33.932429074014884,96,59.2,Sunday,3,1,0
2023-03-27,127.0,,34.95862687422589,93,83.0,Monday,3,1,0
2023-03-28,127.0,1602.52,35.13510165247651,104,77.0,Tuesday,3,1,0
2023-03-29,117.0,1574.23,33.62825364796641,93,63.0,Wednesday,3,1,0
2023-03-30,119.0,1535.1,33.979231723388544,96,64.0,Thursday,3,1,0
2023-03-31,117.0,1489.39,32.53167764194028,94,72.0,Friday,3,1,0
2023-04-01,84.0,1479.5,34.12529162760828,101,60.800000000000004,Saturday,4,2,0
2023-04-02,88.19999999999999,1521.46,36.351917885408255,104,58.400000000000006,Sunday,4,2,0
2023-04-03,124.0,1542.94,34.72486684230096,104,81.0,Monday,4,2,0
2023-04-04,123.0,1482.17,37.01354459128934,93,79.0,Tuesday,4,2,0
2023-04-05,117.0,1492.77,34.6159564887146,99,71.0,Wednesday,4,2,0
2023-04-06,124.0,1626.91,32.110746013601535,95,76.0,Thursday,4,2,0
2023-04-07,119.0,1472.14,36.15086738618728,92,74.0,Friday,4,2,0
2023-04-08,84.69999999999999,1553.87,33.587181116028134,98,62.400000000000006,Saturday,4,2,0
2023-04-09,88.89999999999999,1555.44,34.441383270249766,103,62.400000000000006,Sunday,4,2,0
2023-04-10,127.0,1574.7,37.35254084050726,96,77.0,Monday,4,2,0
2023-04-11,124.0,1511.23,32.52053226280688,98,77.0,Tuesday,4,2,0
2023-04-12,122.0,1422.42,35.13224512646572,105,75.0,Wednesday,4,2,0
2023-04-13,120.0,1498.79,34.67782484663944,89,75.0,Thursday,4,2,0
2023-04-14,117.0,1470.75,36.112449588180375,101,66.0,Friday,4,2,0
2023-04-15,84.69999999999999,1564.69,36.36828839619986,96,58.400000000000006,Saturday,4,2,0
2023-04-16,88.19999999999999,1611.18,35.12870564906425,89,61.6,Sunday,4,2,0
2023-04-17,121.0,1547.75,33.81900364374952,90,72.0,Monday,4,2,0
2023-04-18,120.0,1454.08,35.420920694489936,91,74.0,Tuesday,4,2,0
2023-04-19,125.0,1579.36,37.07562708880212,96,80.0,Wednesday,4,2,0
2023-04-20,123.0,1611.85,34.27561255466978,98,74.0,Thursday,4,2,0
2023-04-21,118.0,1492.45,33.717316810047485,81,73.0,Friday,4,2,0
2023-04-22,86.8,1644.36,34.94558881367139,100,63.2,Saturday,4,2,1
2023-04-23,88.89999999999999,1692.42,34.15992868998374,97,61.6,Sunday,4,2,0
2023-04-24,137.0,1693.49,31.31611492150407,116,79.0,Monday,4,2,0
2023-04-25,128.0,1564.32,34.375114170285315,101,79.0,Tuesday,4,2,1
2023-04-26,120.0,1459.6,31.103734368225762,101,65.0,Wednesday,4,2,1
2023-04-27,115.0,1356.5,34.44294426386352,97,62.0,Thursday,4,2,0
2023-04-28,114.0,1393.49,31.992369037650672,96,69.0,Friday,4,2,0
2023-04-29,86.1,1595.95,33.5490551006029,95,53.6,Saturday,4,2,0
2023-04-30,86.8,1437.61,34.1411567507031,96,56.0,Sunday,4,2,0
2023-05-01,123.0,1482.39,38.148485646516136,97,73.0,Monday,5,2,0
2023-05-02,122.0,1522.49,34.60297076460247,101,71.0,Tuesday,5,2,0
2023-05-03,117.0,1413.73,35.71997867625126,91,70.0,Wednesday,5,2,0
2023-05-04,122.0,1500.49,36.60294284714256,97,77.0,Thursday,5,2,0
2023-05-05,121.0,1482.32,33.70321987942375,98,73.0,Friday,5,2,0
2023-05-06,85.39999999999999,1509.75,33.15758303579791,93,56.800000000000004,Saturday,5,2,0
2023-05-07,91.0,1589.97,30.310532147360682,99,65.60000000000001,Sunday,5,2,0
2023-05-08,127.0,1544.48,32.064803057743035,101,72.0,Monday,5,2,0
2023-05-09,121.0,1561.84,30.702336826127205,97,73.0,Tuesday,5,2,0
2023-05-10,124.0,1601.85,31.193249007769264,101,70.0,Wednesday,5,2,0
2023-05-11,118.0,1408.66,35.57999826102628,98,72.0,Thursday,5,2,0
2023-05-12,114.0,1291.68,31.90771607429932,86,68.0,Friday,5,2,0
2023-05-13,84.69999999999999,1562.43,29.763019599659295,93,60.800000000000004,Saturday,5,2,0
2023-05-14,86.1,1469.94,34.096823943541054,93,60.800000000000004,Sunday,5,2,0
2023-05-15,122.0,1533.98,33.087888281826004,105,71.0,Monday,5,2,0
2023-05-16,126.0,1496.73,33.018917055802746,100,73.0,Tuesday,5,2,0
2023-05-17,125.0,1621.41,26.814366260397065,100,74.0,Wednesday,5,2,0
2023-05-18,112.0,1524.68,34.54378140503039,90,73.0,Thursday,5,2,0
2023-05-19,119.0,1491.08,29.34607237565551,91,76.0,Friday,5,2,0
2023-05-20,83.3,1479.37,31.832577575509212,103,54.400000000000006,Saturday,5,2,0
2023-05-21,86.1,1521.73,35.13479274983244,100,60.800000000000004,Sunday,5,2,1
2023-05-22,124.0,1583.79,34.205398840908344,99,69.0,Monday,5,2,0
2023-05-23,120.0,1527.8,27.744221258722895,90,71.0,Tuesday,5,2,0
2023-05-24,118.0,1528.26,26.612052808421087,89,68.0,Wednesday,5,2,0
2023-05-25,113.0,1378.56,32.16071112823502,89,71.0,Thursday,5,2,0
2023-05-26,117.0,1478.98,29.380307976912146,90,66.0,Friday,5,2,1
2023-05-27,84.0,1470.31,27.88792018346018,90,58.400000000000006,Saturday,5,2,0
2023-05-28,86.1,1484.94,29.92297627204211,97,59.2,Sunday,5,2,0
2023-05-29,122.0,1521.35,,96,73.0,Monday,5,2,0
2023-05-30,120.0,1454.42,29.657256192027276,97,77.0,Tuesday,5,2,0
2023-05-31,120.0,1553.49,28.171910201145838,93,77.0,Wednesday,5,2,0
2023-06-01,116.0,1406.87,29.26368255203051,88,69.0,Thursday,6,2,0
2023-06-02,112.0,1423.27,,85,66.0,Friday,6,2,0
2023-06-03,83.3,1462.64,30.222875222615688,102,53.6,Saturday,6,2,0
2023-06-04,87.5,1578.45,28.54341399841654,94,60.0,Sunday,6,2,0
2023-06-05,119.0,1458.13,28.212862798665817,97,77.0,Monday,6,2,1
2023-06-06,123.0,1469.06,24.454981190086325,101,73.0,Tuesday,6,2,0
2023-06-07,114.0,1455.05,29.8576590880166,91,71.0,Wednesday,6,2,0
2023-06-08,115.0,1429.92,26.197124123847797,101,65.0,Thursday,6,2,0
2023-06-09,112.0,1416.42,27.444974168932934,92,66.0,Friday,6,2,0
2023-06-10,79.1,1388.84,25.105775433181396,99,55.2,Saturday,6,2,0
2023-06-11,81.89999999999999,1397.75,26.034048467640297,90,56.800000000000004,Sunday,6,2,0
2023-06-12,123.0,1591.55,25.86573985063943,95,76.0,Monday,6,2,0
2023-06-13,121.0,1546.67,19.389278173253413,99,71.0,Tuesday,6,2,0
2023-06-14,113.0,1381.91,25.950202973981465,89,62.0,Wednesday,6,2,0
2023-06-15,115.0,1436.09,28.470740286279508,100,72.0,Thursday,6,2,0
2023-06-16,109.0,1408.81,25.373025042966628,89,62.0,Friday,6,2,0
2023-06-17,81.89999999999999,1440.83,22.130184684122444,88,57.6,Saturday,6,2,0
2023-06-18,81.89999999999999,1452.78,25.096463812651734,85,57.6,Sunday,6,2,0
2023-06-19,120.0,1511.35,25.66531778166487,96,67.0,Monday,6,2,1
2023-06-20,119.0,1466.87,24.320056370664,95,75.0,Tuesday,6,2,0
2023-06-21,112.0,1442.64,22.894660662378932,91,65.0,Wednesday,6,2,0
2023-06-22,111.0,1373.61,22.30550751307955,95,67.0,Thursday,6,2,0
2023-06-23,116.0,1405.3,22.04325199501359,98,68.0,Friday,6,2,0
2023-06-24,80.5,1462.65,23.67674044361263,89,59.2,Saturday,6,2,0
2023-06-25,86.1,1475.16,19.21157874748593,92,62.400000000000006,Sunday,6,2,0
2023-06-26,118.0,1569.59,21.026121037185256,88,65.0,Monday,6,2,0
2023-06-27,120.0,1574.59,24.704603893982945,92,79.0,Tuesday,6,2,0
2023-06-28,118.0,1499.3,24.524843835433376,92,69.0,Wednesday,6,2,0
2023-06-29,103.0,1312.73,18.042856376247165,84,68.0,Thursday,6,2,0
2023-06-30,109.0,1383.45,18.47872491417166,83,65.0,Friday,6,2,0
2023-07-01,81.89999999999999,1438.46,19.94249312528369,95,55.2,Saturday,7,3,0
2023-07-02,82.6,1495.58,22.010952321451704,97,56.0,Sunday,7,3,0
2023-07-03,121.0,1466.35,16.3127967720524,98,71.0,Monday,7,3,0
2023-07-04,115.0,1465.51,19.600109947890175,87,77.0,Tuesday,7,3,0
2023-07-05,113.0,1453.57,18.503436538518912,93,67.0,Wednesday,7,3,0
2023-07-06,109.0,1346.57,21.845954056924896,98,65.0,Thursday,7,3,0
2023-07-07,147.0,1807.88,15.58267611814782,119,88.0,Friday,7,3,0
2023-07-08,80.5,1377.55,18.86435736361742,77,52.800000000000004,Saturday,7,3,0
2023-07-09,83.3,1561.26,17.63523114791757,101,60.800000000000004,Sunday,7,3,0
2023-07-10,118.0,1444.75,21.105688587572587,91,66.0,Monday,7,3,0
2023-07-11,115.0,1422.15,19.105579423384036,103,67.0,Tuesday,7,3,0
2023-07-12,110.0,1393.14,16.483444591326755,89,69.0,Wednesday,7,3,0
2023-07-13,110.0,1387.67,19.10734447642958,79,66.0,Thursday,7,3,0
2023-07-14,108.0,1390.6,16.36917877577083,76,67.0,Friday,7,3,0
2023-07-15,79.8,1408.06,18.892605094471897,99,58.400000000000006,Saturday,7,3,0
2023-07-16,86.1,1484.16,16.167820011272884,104,61.6,Sunday,7,3,0
2023-07-17,121.0,1440.57,18.50032916555414,108,73.0,Monday,7,3,0
2023-07-18,114.0,1396.84,17.01324989558819,91,75.0,Tuesday,7,3,0
2023-07-19,114.0,1379.52,22.413300038774526,91,67.0,Wednesday,7,3,0
2023-07-20,106.0,1316.05,15.538973287843994,83,64.0,Thursday,7,3,0
2023-07-21,102.0,1345.84,16.164226087220307,79,61.0,Friday,7,3,0
2023-07-22,76.3,1347.39,14.194749883282945,85,52.0,Saturday,7,3,0
2023-07-23,77.0,1362.2,14.915502038880216,89,50.400000000000006,Sunday,7,3,0
2023-07-24,116.0,1447.63,9.264499253747122,88,65.0,Monday,7,3,0
2023-07-25,114.0,,15.35895349422274,83,70.0,Tuesday,7,3,0
2023-07-26,115.0,1429.77,16.87479873406453,93,67.0,Wednesday,7,3,0
2023-07-27,108.0,1374.13,14.74529471789243,82,70.0,Thursday,7,3,0
2023-07-28,107.0,1381.3,11.089085883499104,69,64.0,Friday,7,3,0
2023-07-29,79.8,1473.8,11.879867882159065,94,54.400000000000006,Saturday,7,3,0
2023-07-30,76.3,1459.74,8.391619675685762,81,54.400000000000006,Sunday,7,3,0
2023-07-31,117.0,1487.62,14.980410526752294,97,71.0,Monday,7,3,0
2023-08-01,116.0,1555.58,10.782159246634004,96,69.0,Tuesday,8,3,0
2023-08-02,104.0,1264.91,12.512523991087056,85,61.0,Wednesday,8,3,0
2023-08-03,109.0,1471.31,12.039420040260921,100,77.0,Thursday,8,3,0
2023-08-04,108.0,1328.1,15.101567946477143,86,66.0,Friday,8,3,0
2023-08-05,76.3,1352.14,12.078225210920301,86,55.2,Saturday,8,3,0
2023-08-06,81.19999999999999,1446.95,13.30939176786633,96,53.6,Sunday,8,3,0
2023-08-07,122.0,1514.07,12.570935396090317,97,71.0,Monday,8,3,0
2023-08-08,113.0,1415.73,13.98575444243608,96,74.0,Tuesday,8,3,0
2023-08-09,109.0,1329.29,10.580192203666032,81,69.0,Wednesday,8,3,0
2023-08-10,104.0,,14.59182419542005,77,64.0,Thursday,8,3,0
2023-08-11,103.0,,6.678130028092221,87,61.0,Friday,8,3,0
2023-08-12,78.39999999999999,1435.97,12.1640291202695,84,53.6,Saturday,8,3,0
2023-08-13,77.69999999999999,1463.9,8.518296960573887,92,52.0,Sunday,8,3,0
2023-08-14,115.0,1415.23,9.07137585326003,94,65.0,Monday,8,3,0
2023-08-15,110.0,1417.14,11.003984604208972,85,69.0,Tuesday,8,3,0
2023-08-16,109.0,1385.79,10.79924034506206,89,67.0,Wednesday,8,3,0
2023-08-17,105.0,1430.01,10.703627356311573,78,65.0,Thursday,8,3,0
2023-08-18,108.0,1329.41,6.535900374126813,82,64.0,Friday,8,3,0
2023-08-19,75.6,1384.08,12.026885529123863,85,52.0,Saturday,8,3,0
2023-08-20,78.39999999999999,1319.77,7.151356589901296,90,52.800000000000004,Sunday,8,3,0
2023-08-21,111.0,1360.67,7.245171494052768,87,64.0,Monday,8,3,0
2023-08-22,110.0,1388.29,9.885954252754773,90,71.0,Tuesday,8,3,1
2023-08-23,108.0,1415.81,7.870503965487756,88,65.0,Wednesday,8,3,0
2023-08-24,106.0,1264.26,8.897673156928754,92,65.0,Thursday,8,3,0
2023-08-25,102.0,1312.98,3.808623039148161,81,64.0,Friday,8,3,0
2023-08-26,77.69999999999999,1385.61,8.534661231314104,95,53.6,Saturday,8,3,0
2023-08-27,81.19999999999999,1378.86,8.24942504172108,98,56.800000000000004,Sunday,8,3,0
2023-08-28,114.0,1439.86,6.6453992616832895,103,65.0,Monday,8,3,0
2023-08-29,116.0,1536.43,3.3719695627224953,92,67.0,Tuesday,8,3,0
2023-08-30,104.0,1240.49,6.9532031011644255,81,59.0,Wednesday,8,3,0
2023-08-31,100.0,1238.73,7.1665048567344405,86,62.0,Thursday,8,3,0
2023-09-01,99.0,1186.17,6.373003066505895,81,60.0,Friday,9,3,0
2023-09-02,79.1,1383.0,3.3051356988342557,96,52.0,Saturday,9,3,0
2023-09-03,79.8,1494.63,10.040829794676226,95,56.0,Sunday,9,3,0
2023-09-04,113.0,1394.22,5.451406770087338,80,69.0,Monday,9,3,0
2023-09-05,111.0,1455.99,6.166415610056223,91,64.0,Tuesday,9,3,0
2023-09-06,102.0,1333.82,1.677533475703978,83,61.0,Wednesday,9,3,0
2023-09-07,110.0,1359.76,9.575845905967459,89,68.0,Thursday,9,3,0
2023-09-08,104.0,1277.42,5.346716997151227,83,60.0,Friday,9,3,1
2023-09-09,75.6,1305.36,6.374484169743491,78,53.6,Saturday,9,3,0
2023-09-10,79.8,1375.12,8.320865383015164,95,55.2,Sunday,9,3,0
2023-09-11,114.0,1441.78,4.632733374049453,93,65.0,Monday,9,3,0
2023-09-12,110.0,1379.26,7.821930211197084,94,67.0,Tuesday,9,3,0
2023-09-13,103.0,1256.43,1.68706154363759,75,63.0,Wednesday,9,3,0
2023-09-14,104.0,1223.34,6.830157124142555,86,61.0,Thursday,9,3,0
2023-09-15,109.0,1370.75,8.795362755541657,86,64.0,Friday,9,3,0
2023-09-16,78.39999999999999,1370.44,4.41698547749866,90,51.2,Saturday,9,3,0
2023-09-17,81.19999999999999,1442.08,7.74679091730149,92,54.400000000000006,Sunday,9,3,0
2023-09-18,111.0,1400.03,9.112369597710023,91,66.0,Monday,9,3,0
2023-09-19,107.0,1207.8,4.874644433268874,84,62.0,Tuesday,9,3,0
2023-09-20,105.0,1234.26,4.6534003661876255,79,58.0,Wednesday,9,3,0
2023-09-21,103.0,1398.65,3.4803398203676896,83,60.0,Thursday,9,3,0
2023-09-22,107.0,1309.46,4.210294169886813,84,63.0,Friday,9,3,0
2023-09-23,71.39999999999999,1153.27,3.556232621216308,81,51.2,Saturday,9,3,0
2023-09-24,104.3,1783.91,3.3503115455149066,103,72.8,Sunday,9,3,1
2023-09-25,112.0,1521.92,7.512180464202633,93,70.0,Monday,9,3,0
2023-09-26,108.0,,3.5050388046277026,85,63.0,Tuesday,9,3,0
2023-09-27,102.0,1335.8,5.57672928982475,75,62.0,Wednesday,9,3,0
2023-09-28,98.0,1226.15,5.11536801543808,83,51.0,Thursday,9,3,0
2023-09-29,106.0,1301.05,8.018733184620078,88,65.0,Friday,9,3,0
2023-09-30,75.6,1385.06,4.004306580016929,85,52.800000000000004,Saturday,9,3,0
2023-10-01,75.6,1225.09,5.765425721065516,80,50.400000000000006,Sunday,10,4,0
2023-10-02,109.0,1284.45,6.582217431158598,88,66.0,Monday,10,4,0
2023-10-03,109.0,1334.4,7.980964358334514,88,61.0,Tuesday,10,4,0
2023-10-04,83.0,969.29,3.9717838784569963,71,47.0,Wednesday,10,4,0
2023-10-05,102.0,1245.6,3.7817676398672138,79,63.0,Thursday,10,4,0
2023-10-06,99.0,1283.23,2.9086860254330817,85,61.0,Friday,10,4,0
2023-10-07,74.89999999999999,1343.67,9.52397212965619,83,50.400000000000006,Saturday,10,4,0
2023-10-08,77.69999999999999,1451.99,7.843866058189747,82,55.2,Sunday,10,4,0
2023-10-09,105.0,1316.96,5.018483258017871,78,63.0,Monday,10,4,0
2023-10-10,110.0,1422.71,8.998137509399374,88,64.0,Tuesday,10,4,0
2023-10-11,105.0,1309.67,4.968304294868535,84,62.0,Wednesday,10,4,0
2023-10-12,105.0,1285.0,6.662011737482942,86,62.0,Thursday,10,4,0
2023-10-13,147.0,1911.79,5.279069963818114,117,85.0,Friday,10,4,0
2023-10-14,77.69999999999999,1357.6,6.104234609723846,94,56.800000000000004,Saturday,10,4,0
2023-10-15,77.69999999999999,1407.59,5.946391551747068,88,52.0,Sunday,10,4,0
2023-10-16,72.0,934.99,4.571474243034079,47,41.0,Monday,10,4,0
2023-10-17,118.0,1519.01,7.669332418039403,94,66.0,Tuesday,10,4,0
2023-10-18,106.0,1271.05,6.9834259480247445,75,56.0,Wednesday,10,4,0
2023-10-19,104.0,1347.34,7.678371607804584,84,64.0,Thursday,10,4,0
2023-10-20,105.0,1257.41,6.339152490750673,89,65.0,Friday,10,4,0
2023-10-21,76.3,1405.1,3.965506040460239,82,55.2,Saturday,10,4,1
2023-10-22,78.39999999999999,1428.39,9.281573948898618,97,53.6,Sunday,10,4,0
2023-10-23,112.0,1439.62,5.426028784805418,94,66.0,Monday,10,4,0
2023-10-24,109.0,1306.74,6.771772028562136,94,64.0,Tuesday,10,4,0
2023-10-25,107.0,1362.58,7.411027320615392,86,63.0,Wednesday,10,4,0
2023-10-26,103.0,1335.68,6.95583598563732,77,65.0,Thursday,10,4,0
2023-10-27,103.0,1298.0,8.17662605755852,86,62.0,Friday,10,4,0
2023-10-28,77.0,1328.23,8.601387821444666,85,53.6,Saturday,10,4,0
2023-10-29,78.39999999999999,1451.75,6.117813224752944,91,52.800000000000004,Sunday,10,4,0
2023-10-30,119.0,1490.8,9.935238067502663,94,75.0,Monday,10,4,0
2023-10-31,104.0,1213.11,6.271259756870532,89,57.0,Tuesday,10,4,0
2023-11-01,111.0,1339.51,7.6032330375569686,92,63.0,Wednesday,11,4,0
2023-11-02,109.0,1331.4,6.2829143489009205,86,66.0,Thursday,11,4,0
2023-11-03,100.0,1322.04,5.843689113029298,70,65.0,Friday,11,4,0
2023-11-04,76.3,1428.5,9.41517427497773,84,52.0,Saturday,11,4,0
2023-11-05,79.1,1477.64,13.710492037423872,94,52.0,Sunday,11,4,0
2023-11-06,111.0,1397.66,6.88679341673839,90,70.0,Monday,11,4,0
2023-11-07,110.0,1423.09,10.188237601199411,81,67.0,Tuesday,11,4,0
2023-11-08,105.0,1255.26,7.256675809670144,75,67.0,Wednesday,11,4,0
2023-11-09,111.0,1387.81,8.04201053443242,90,63.0,Thursday,11,4,0
2023-11-10,110.0,1393.16,11.736162441803403,82,69.0,Friday,11,4,0
2023-11-11,80.5,1379.98,6.235424333500941,87,51.2,Saturday,11,4,0
2023-11-12,81.89999999999999,1474.18,5.8711145793824775,97,55.2,Sunday,11,4,0
2023-11-13,113.0,1492.43,8.541362230992833,96,69.0,Monday,11,4,0
2023-11-14,112.0,1426.66,10.214737584586372,86,68.0,Tuesday,11,4,0
2023-11-15,111.0,1430.19,9.989713061834884,88,70.0,Wednesday,11,4,0
2023-11-16,103.0,1165.52,9.961929277372702,82,56.0,Thursday,11,4,0
2023-11-17,110.0,1452.53,9.490209784689023,87,66.0,Friday,11,4,1
2023-11-18,77.69999999999999,1380.32,11.179530987728796,89,56.0,Saturday,11,4,0
2023-11-19,80.5,1396.92,3.9666867801508925,96,55.2,Sunday,11,4,0
2023-11-20,119.0,1481.34,8.483021894774026,92,68.0,Monday,11,4,0
2023-11-21,116.0,1373.96,9.990972235464836,85,73.0,Tuesday,11,4,0
2023-11-22,109.0,1418.16,11.783737630828323,96,64.0,Wednesday,11,4,0
2023-11-23,111.0,1374.19,13.553517581937836,94,64.0,Thursday,11,4,0
2023-11-24,106.0,1284.11,9.005896463451181,79,61.0,Friday,11,4,0
2023-11-25,80.5,1427.19,13.895091210470872,93,54.400000000000006,Saturday,11,4,0
2023-11-26,83.3,1541.57,10.283317587351544,100,57.6,Sunday,11,4,0
2023-11-27,117.0,1472.56,11.13873580824383,98,67.0,Monday,11,4,0
2023-11-28,117.0,1387.64,12.774080166100074,96,67.0,Tuesday,11,4,0
2023-11-29,108.0,1370.13,11.419885100597034,85,63.0,Wednesday,11,4,0
2023-11-30,112.0,1350.34,14.264153315637147,98,64.0,Thursday,11,4,0
2023-12-01,110.0,1261.64,11.454624987806758,89,66.0,Friday,12,4,0
2023-12-02,79.1,1482.64,11.706967727396894,88,55.2,Saturday,12,4,0
2023-12-03,84.69999999999999,1540.72,14.814425552630441,101,59.2,Sunday,12,4,0
2023-12-04,117.0,1462.49,11.410801892423839,94,71.0,Monday,12,4,1
2023-12-05,113.0,1391.15,13.663583924678836,92,73.0,Tuesday,12,4,0
2023-12-06,108.0,1420.76,10.075457835452426,87,66.0,Wednesday,12,4,0
2023-12-07,112.0,1554.83,17.268353416382116,92,70.0,Thursday,12,4,0
2023-12-08,108.0,1366.53,16.2767153854439,81,63.0,Friday,12,4,0
2023-12-09,84.69999999999999,1457.61,19.600178568920782,89,60.0,Saturday,12,4,0
2023-12-10,79.1,1408.68,17.014790204965607,98,53.6,Sunday,12,4,0
2023-12-11,126.0,1594.04,12.318536313511848,102,77.0,Monday,12,4,0
2023-12-12,119.0,1367.87,16.15651502900714,99,67.0,Tuesday,12,4,0
2023-12-13,114.0,1438.66,13.22610939775646,82,69.0,Wednesday,12,4,0
2023-12-14,110.0,1395.51,18.462574745906892,93,63.0,Thursday,12,4,0
2023-12-15,114.0,1489.87,13.349980847686643,88,71.0,Friday,12,4,0
2023-12-16,81.89999999999999,1519.55,13.501029504405238,89,58.400000000000006,Saturday,12,4,0
2023-12-17,86.8,1558.06,12.828037257825867,99,58.400000000000006,Sunday,12,4,0
2023-12-18,122.0,,15.320390975971739,93,80.0,Monday,12,4,0
2023-12-19,120.0,1601.65,15.168781154914203,96,71.0,Tuesday,12,4,0
2023-12-20,114.0,1430.2,14.27604635900755,91,64.0,Wednesday,12,4,0
2023-12-21,113.0,1429.84,21.031517670813017,95,65.0,Thursday,12,4,0
2023-12-22,115.0,1348.77,18.365088137118594,100,66.0,Friday,12,4,0
2023-12-23,79.1,1340.24,18.384020503247537,98,55.2,Saturday,12,4,0
2023-12-24,82.6,1435.78,20.992827109215593,83,53.6,Sunday,12,4,0
2023-12-25,126.0,1548.48,18.582607427114297,96,74.0,Monday,12,4,0
2023-12-26,121.0,1463.06,16.828896103199696,86,74.0,Tuesday,12,4,0
2023-12-27,116.0,1451.0,15.182496971983966,87,70.0,Wednesday,12,4,0
2023-12-28,114.0,1408.38,17.229880960960877,88,69.0,Thursday,12,4,0
2023-12-29,116.0,1509.51,22.108249499214498,95,70.0,Friday,12,4,0
2023-12-30,82.6,1450.3,16.84443570782185,92,56.0,Saturday,12,4,0
2023-12-31,84.69999999999999,1402.12,20.319242890122627,95,54.400000000000006,Sunday,12,4,0
